BSSID,Protocol
00:b7:71:16:e9:00,802.11n
00:b7:71:16:e9:0f,802.11ac
00:ea:bd:e3:b3:50,802.11n
00:ea:bd:e3:b9:bf,802.11ac
00:ea:bd:e3:c0:0f,802.11ac
00:ea:bd:e3:c0:b0,802.11n
00:ea:bd:e3:c0:bf,802.11ac
08:cc:68:b4:98:0e,802.11ac
08:cc:68:b5:ed:3f,802.11ac
1c:d1:e0:56:77:80,802.11n
1c:e6:c7:0d:5c:a7,802.11ac
54:78:1a:bf:a6:e7,802.11ac
a8:9d:21:71:d4:ef,802.11ac
00:b7:71:16:e9:02,802.11n
00:b7:71:16:e9:0d,802.11ac
00:ea:bd:e3:b3:52,802.11n
00:ea:bd:e3:b7:f2,802.11n
00:ea:bd:e3:b9:b2,802.11n
00:ea:bd:e3:b9:bd,802.11ac
00:ea:bd:e3:c0:0d,802.11ac
00:ea:bd:e3:c0:b2,802.11n
00:ea:bd:e3:c0:bd,802.11ac
1c:d1:e0:56:77:83,802.11n
1c:e6:c7:0d:5c:a3,802.11ac
1c:e6:c7:e0:1a:25,802.11ac
a8:9d:21:71:d4:eb,802.11ac
d0:72:dc:3a:fe:cb,802.11ac
d4:c9:3c:c1:aa:2d,802.11ac
94:a6:7e:9e:f0:41,802.11ax
48:d2:4f:53:a4:c2,802.11ac
9c:3d:cf:43:1a:08,802.11ac
00:b7:71:16:e9:01,802.11n
00:b7:71:16:e9:0e,802.11ac
00:ea:bd:e3:b3:51,802.11n
00:ea:bd:e3:b3:5e,802.11ac
00:ea:bd:e3:b7:f1,802.11n
00:ea:bd:e3:b9:b1,802.11n
00:ea:bd:e3:b9:be,802.11ac
00:ea:bd:e3:c0:01,802.11n
00:ea:bd:e3:c0:0e,802.11ac
00:ea:bd:e3:c0:b1,802.11n
00:ea:bd:e3:c0:be,802.11ac
00:ea:bd:e3:c1:31,802.11n
08:cc:68:b5:c5:a1,802.11n
08:cc:68:b5:ed:3e,802.11ac
1c:d1:e0:56:77:82,802.11n
1c:e6:c7:0d:5c:a6,802.11ac
1c:e6:c7:0d:5c:ae,802.11n
1c:e6:c7:f0:20:26,802.11ac
54:78:1a:bf:a6:e6,802.11ac
a8:9d:21:71:d4:ee,802.11ac
a8:9d:21:85:19:ea,802.11ac
d0:72:dc:04:b9:0e,802.11ac
d0:72:dc:3a:fe:ce,802.11ac
00:b7:71:16:e9:03,802.11n
00:b7:71:16:e9:0c,802.11ac
00:ea:bd:e3:b3:53,802.11n
00:ea:bd:e3:b3:5c,802.11ac
00:ea:bd:e3:b7:f3,802.11n
00:ea:bd:e3:b9:bc,802.11ac
00:ea:bd:e3:c0:03,802.11n
00:ea:bd:e3:c0:0c,802.11ac
00:ea:bd:e3:c0:b3,802.11n
00:ea:bd:e3:c0:bc,802.11ac
1c:e6:c7:0d:5c:a4,802.11ac
1c:e6:c7:0d:5c:ac,802.11n
d0:72:dc:04:b9:0c,802.11ac
d0:72:dc:3a:fe:cc,802.11ac
b0:95:75:17:f2:b2,802.11n
08:cc:68:b4:93:ae,802.11ac
08:cc:68:b5:f7:3f,802.11ac
84:78:ac:98:48:47,802.11ac
a8:9d:21:71:d4:e0,802.11n
a8:9d:21:85:19:e1,802.11n
a8:9d:21:85:19:ee,802.11ac
d0:72:dc:04:b9:0f,802.11ac
00:ea:bd:db:d2:42,802.11n
08:cc:68:b5:98:8d,802.11ac
84:78:ac:98:48:45,802.11ac
a0:0f:37:4c:ce:a4,802.11n
a8:9d:21:71:d4:e4,802.11n
d0:72:dc:04:b9:0b,802.11ac
94:a6:7e:9e:f0:61,802.11ax
08:cc:68:b4:7b:ea,802.11ac
08:cc:68:b4:89:05,802.11n
08:cc:68:b4:a1:75,802.11n
08:cc:68:b5:30:9e,802.11ac
08:cc:68:b5:d0:5e,802.11ac
08:cc:68:b5:f7:3e,802.11ac
84:78:ac:98:48:46,802.11ac
a8:9d:21:71:d4:e1,802.11n
a8:9d:21:85:19:e5,802.11n
08:cc:68:b5:30:9c,802.11ac
84:78:ac:98:48:44,802.11ac
a8:9d:21:71:d4:e3,802.11n
a8:9d:21:71:d4:ec,802.11ac
8e:94:08:f4:6f:c9,802.11n
00:ea:bd:db:d2:40,802.11n
08:cc:68:b4:81:2f,802.11ac
08:cc:68:b4:af:ae,802.11ac
08:cc:68:b5:c1:6f,802.11ac
08:cc:68:b5:c5:a0,802.11n
1c:e6:c7:3e:5a:8f,802.11n
1c:e6:c7:5b:21:70,802.11n
1c:e6:c7:5b:21:77,802.11ac
1c:e6:c7:5b:21:7f,802.11n
40:ce:24:9c:96:0f,802.11ac
a8:9d:21:71:b2:50,802.11n
a8:9d:21:71:b2:5f,802.11ac
d0:72:dc:04:b9:00,802.11n
d4:c9:3c:77:9a:50,802.11n
d4:c9:3c:77:9a:5f,802.11ac
08:cc:68:b4:5b:2d,802.11ac
08:cc:68:b4:81:2d,802.11ac
08:cc:68:b5:bd:f2,802.11n
08:cc:68:b5:c1:6b,802.11ac
08:cc:68:b5:c5:ab,802.11ac
08:cc:68:b5:db:9d,802.11ac
1c:e6:c7:5b:21:72,802.11n
1c:e6:c7:5b:21:75,802.11ac
1c:e6:c7:5b:21:7d,802.11n
1c:e6:c7:5b:22:02,802.11n
a8:9d:21:71:b2:5b,802.11ac
d0:72:dc:04:b9:04,802.11n
d4:c9:3c:77:9a:54,802.11n
d4:c9:3c:77:9a:5b,802.11ac
7c:10:c9:02:f3:12,802.11ax
48:d2:4f:53:a4:c1,802.11n
00:ea:bd:db:d2:41,802.11n
08:cc:68:b4:81:2e,802.11ac
08:cc:68:b4:97:8a,802.11ac
08:cc:68:b4:af:aa,802.11ac
08:cc:68:b4:bb:2e,802.11ac
08:cc:68:b5:bd:f1,802.11n
08:cc:68:b5:c1:61,802.11n
1c:e6:c7:3e:5a:8e,802.11n
1c:e6:c7:5b:21:76,802.11ac
1c:e6:c7:5b:21:7e,802.11n
1c:e6:c7:5b:22:01,802.11n
40:ce:24:9c:96:0e,802.11ac
a8:9d:21:71:b2:51,802.11n
a8:9d:21:71:b2:5e,802.11ac
d0:72:dc:04:b9:01,802.11n
d4:c9:3c:77:9a:51,802.11n
d4:c9:3c:77:9a:5e,802.11ac
00:ea:bd:db:d2:43,802.11n
08:cc:68:b4:db:13,802.11n
08:cc:68:b5:35:c3,802.11n
08:cc:68:b5:c1:6c,802.11ac
08:cc:68:b5:c5:ac,802.11ac
08:cc:68:b5:c6:ac,802.11ac
1c:e6:c7:3e:5a:8c,802.11n
1c:e6:c7:5b:21:6c,802.11n
1c:e6:c7:5b:21:74,802.11ac
1c:e6:c7:5b:21:7c,802.11n
1c:e6:c7:5b:22:03,802.11n
1c:e6:c7:5b:22:0c,802.11n
a8:9d:21:71:ae:33,802.11n
a8:9d:21:71:b2:5c,802.11ac
d0:72:dc:04:b9:03,802.11n
d4:c9:3c:77:9a:53,802.11n
d4:c9:3c:77:9a:5c,802.11ac
3e:ad:d7:ce:15:8f,802.11ax
a8:5e:45:9a:d9:90,802.11n
a8:5e:45:9a:d9:94,802.11ac
1c:bf:ce:d7:f7:da,802.11n
de:21:5c:ef:7a:86,802.11ac
00:ee:ab:38:99:2f,802.11ac
08:cc:68:b4:56:ee,802.11ac
08:cc:68:b4:63:40,802.11n
08:cc:68:b4:63:4f,802.11ac
08:cc:68:b4:7d:b1,802.11n
08:cc:68:b4:7e:e1,802.11n
08:cc:68:b4:7e:ee,802.11ac
08:cc:68:b4:8c:10,802.11n
08:cc:68:b4:8c:1f,802.11ac
08:cc:68:b4:8c:40,802.11n
08:cc:68:b4:8c:4f,802.11ac
08:cc:68:b4:8c:fe,802.11ac
08:cc:68:b4:8f:d0,802.11n
08:cc:68:b4:8f:df,802.11ac
08:cc:68:b4:a4:1e,802.11ac
08:cc:68:b4:db:1f,802.11ac
08:cc:68:b4:e4:7e,802.11ac
08:cc:68:b5:86:80,802.11n
08:cc:68:b5:86:8f,802.11ac
08:cc:68:b5:9a:4e,802.11ac
1c:e6:c7:e0:26:17,802.11ac
1c:e6:c7:e0:26:1f,802.11n
1c:e6:c7:e0:26:47,802.11ac
24:16:9d:23:f0:cf,802.11ac
70:70:8b:04:58:be,802.11ac
84:78:ac:c0:1f:5f,802.11n
a8:9d:21:71:ae:30,802.11n
a8:9d:21:71:ae:3f,802.11ac
1a:62:02:07:fe:2f,802.11ac
00:ee:ab:38:99:2b,802.11ac
08:cc:68:b4:63:44,802.11n
08:cc:68:b4:63:4b,802.11ac
08:cc:68:b4:8c:14,802.11n
08:cc:68:b4:8c:1b,802.11ac
08:cc:68:b4:8c:4b,802.11ac
08:cc:68:b4:8f:db,802.11ac
08:cc:68:b5:86:84,802.11n
08:cc:68:b5:86:8b,802.11ac
08:cc:68:b5:f7:3d,802.11ac
1c:e6:c7:e0:26:13,802.11ac
1c:e6:c7:e0:26:43,802.11ac
1c:e6:c7:e0:26:4b,802.11n
24:16:9d:23:f0:cb,802.11ac
a8:9d:21:71:ae:34,802.11n
a8:9d:21:71:ae:3b,802.11ac
b8:27:eb:ce:49:09,802.11n
e6:55:88:41:d5:72,802.11ax
7c:10:c9:02:f2:d1,802.11ax
7c:10:c9:02:f3:15,802.11ax
7c:10:c9:02:f2:d0,802.11ax
7c:10:c9:02:f3:11,802.11ax
7c:10:c9:02:f3:14,802.11ax
04:62:73:ae:fd:31,802.11n
08:cc:68:b4:56:ef,802.11ac
08:cc:68:b4:63:41,802.11n
08:cc:68:b4:63:4e,802.11ac
08:cc:68:b4:7e:e5,802.11n
08:cc:68:b4:7e:ea,802.11ac
08:cc:68:b4:8c:11,802.11n
08:cc:68:b4:8c:1e,802.11ac
08:cc:68:b4:8c:4e,802.11ac
08:cc:68:b4:8c:fa,802.11ac
08:cc:68:b4:8f:d1,802.11n
08:cc:68:b4:a4:1a,802.11ac
08:cc:68:b4:b9:45,802.11n
08:cc:68:b4:be:0a,802.11ac
08:cc:68:b4:db:1e,802.11ac
08:cc:68:b5:86:81,802.11n
08:cc:68:b5:86:8e,802.11ac
08:cc:68:b5:db:9e,802.11ac
1c:e6:c7:e0:26:16,802.11ac
1c:e6:c7:e0:26:46,802.11ac
1c:e6:c7:e0:26:4e,802.11n
24:16:9d:23:f0:ce,802.11ac
a8:9d:21:71:ae:3e,802.11ac
08:cc:68:b4:56:ec,802.11ac
08:cc:68:b4:63:43,802.11n
08:cc:68:b4:63:4c,802.11ac
08:cc:68:b4:8c:13,802.11n
08:cc:68:b4:8c:1c,802.11ac
08:cc:68:b4:8c:4c,802.11ac
08:cc:68:b4:8f:dc,802.11ac
08:cc:68:b5:86:83,802.11n
08:cc:68:b5:86:8c,802.11ac
08:cc:68:b5:8d:bc,802.11ac
08:cc:68:b5:92:2c,802.11ac
1c:e6:c7:e0:26:14,802.11ac
1c:e6:c7:e0:26:44,802.11ac
24:16:9d:23:f0:cc,802.11ac
a8:9d:21:71:ae:3c,802.11ac
08:cc:68:b5:f7:be,802.11ac
0e:7b:e8:e9:84:2e,802.11ax
68:ff:7b:19:97:d8,802.11n
00:ee:ab:38:99:2e,802.11ac
08:cc:68:b4:8f:de,802.11ac
08:cc:68:b5:9a:4a,802.11ac
a8:9d:21:71:ae:31,802.11n
34:12:98:06:f4:9e,802.11n
34:12:98:06:f4:9f,802.11ac
00:25:42:e8:13:34,802.11ac
04:62:73:ae:fd:3f,802.11ac
08:cc:68:b4:5a:ff,802.11ac
08:cc:68:b4:64:0e,802.11ac
08:cc:68:b4:7d:be,802.11ac
08:cc:68:b4:84:91,802.11n
08:cc:68:b4:86:5e,802.11ac
08:cc:68:b5:cc:9f,802.11ac
1c:e6:c7:e0:26:7f,802.11n
1c:e6:c7:e0:26:b7,802.11ac
24:16:9d:23:fd:20,802.11n
24:16:9d:23:fd:2f,802.11ac
4c:e1:76:f3:53:6f,802.11ac
58:ac:78:89:ec:11,802.11n
58:ac:78:9b:0b:41,802.11n
84:78:ac:c0:1f:57,802.11ac
a8:9d:21:5f:4c:10,802.11n
a8:9d:21:5f:4c:1f,802.11ac
04:62:73:ae:fd:34,802.11n
04:62:73:ae:fd:3b,802.11ac
08:cc:68:b4:5a:fb,802.11ac
08:cc:68:b5:cc:94,802.11n
08:cc:68:b5:cc:9b,802.11ac
1c:e6:c7:e0:26:14,802.11n
1c:e6:c7:e0:26:1b,802.11n
24:16:9d:23:fd:24,802.11n
24:16:9d:23:fd:2b,802.11ac
24:16:9d:24:45:04,802.11n
4c:e1:76:f3:53:6b,802.11ac
54:78:1a:bf:77:33,802.11ac
54:78:1a:bf:77:3b,802.11n
84:78:ac:c0:1f:53,802.11ac
84:78:ac:c0:1f:5b,802.11n
a8:9d:21:5f:4c:14,802.11n
a8:9d:21:5f:4c:1b,802.11ac
e6:55:88:41:d0:52,802.11ax
14:02:ec:4c:2c:00,802.11ac
e4:55:a8:41:d3:92,802.11ac
7c:10:c9:02:f2:d5,802.11ax
7c:10:c9:02:f2:d4,802.11ax
dc:8d:8a:41:c0:25,802.11ax
dc:8d:8a:9e:f9:5d,802.11ax
ec:6c:9a:b9:6c:90,802.11ax
00:ee:ab:38:99:21,802.11n
04:62:73:ae:fd:3e,802.11ac
08:cc:68:b4:5a:f1,802.11n
08:cc:68:b4:5a:fe,802.11ac
08:cc:68:b4:64:0a,802.11ac
08:cc:68:b4:6a:1e,802.11ac
08:cc:68:b4:7d:b5,802.11n
08:cc:68:b4:7d:ba,802.11ac
08:cc:68:b4:86:55,802.11n
08:cc:68:b4:86:5a,802.11ac
08:cc:68:b4:98:55,802.11n
08:cc:68:b4:e4:75,802.11n
08:cc:68:b5:9a:45,802.11n
08:cc:68:b5:cc:91,802.11n
08:cc:68:b5:cc:9e,802.11ac
1c:e6:c7:e0:26:11,802.11n
1c:e6:c7:e0:26:76,802.11ac
1c:e6:c7:e0:26:7e,802.11n
1c:e6:c7:e0:26:b6,802.11ac
24:16:9d:23:fd:2e,802.11ac
24:16:9d:24:45:01,802.11n
4c:e1:76:f3:53:6e,802.11ac
54:78:1a:bf:77:36,802.11ac
54:78:1a:bf:77:3e,802.11n
58:ac:78:45:30:5f,802.11ac
84:78:ac:c0:1f:56,802.11ac
84:78:ac:c0:1f:5e,802.11n
a8:9d:21:5f:4c:1e,802.11ac
04:62:73:ae:fd:3c,802.11ac
08:cc:68:b4:5a:fc,802.11ac
08:cc:68:b5:cc:93,802.11n
08:cc:68:b5:cc:9c,802.11ac
1c:e6:c7:e0:26:1c,802.11n
1c:e6:c7:e0:26:43,802.11n
1c:e6:c7:e0:26:4c,802.11n
1c:e6:c7:e0:26:7c,802.11n
1c:e6:c7:e0:26:b4,802.11ac
24:16:9d:23:fd:23,802.11n
24:16:9d:23:fd:2c,802.11ac
24:16:9d:24:45:03,802.11n
4c:e1:76:f3:53:6c,802.11ac
54:78:1a:bf:77:34,802.11ac
58:97:1e:56:1e:8c,802.11n
58:ac:78:89:ec:13,802.11n
84:78:ac:c0:1f:5c,802.11n
a8:9d:21:5f:4c:1c,802.11ac
00:04:56:ad:d7:60,802.11n
08:cc:68:b4:68:e0,802.11n
08:cc:68:b4:68:ef,802.11ac
08:cc:68:b4:6a:1f,802.11ac
08:cc:68:b4:75:a1,802.11n
08:cc:68:b4:7f:f1,802.11n
08:cc:68:b4:84:1e,802.11ac
08:cc:68:b4:86:51,802.11n
08:cc:68:b4:88:7e,802.11ac
08:cc:68:b4:98:51,802.11n
08:cc:68:b4:98:5e,802.11ac
08:cc:68:b4:b5:81,802.11n
08:cc:68:b5:45:7e,802.11ac
08:cc:68:b5:82:21,802.11n
08:cc:68:b5:d8:d1,802.11n
08:cc:68:b5:e8:b1,802.11n
1c:e6:c7:5b:15:3f,802.11n
1c:e6:c7:e0:26:10,802.11n
24:16:9d:24:45:00,802.11n
24:16:9d:24:45:0f,802.11ac
54:78:1a:bf:77:37,802.11ac
54:78:1a:bf:77:3f,802.11n
58:97:1e:b2:2b:37,802.11ac
84:78:ac:c0:1f:50,802.11n
b8:11:4b:81:9c:80,802.11n
b8:11:4b:81:9c:8f,802.11ac
08:cc:68:b4:5a:f4,802.11n
08:cc:68:b4:68:e4,802.11n
08:cc:68:b4:68:eb,802.11ac
08:cc:68:b4:6a:1b,802.11ac
24:16:9d:24:45:0b,802.11ac
58:97:1e:b2:2b:33,802.11ac
84:78:ac:c0:1f:54,802.11n
b8:11:4b:81:9c:84,802.11n
b8:11:4b:81:9c:8b,802.11ac
0e:7b:d8:e9:84:2e,802.11ax
14:58:d0:37:26:e0,802.11ac
d2:e7:c9:51:76:3a,802.11n
78:45:58:3a:38:dc,802.11n
fa:92:bf:58:5c:13,802.11ac
48:22:54:e8:57:00,802.11n
00:2a:10:ff:56:0a,802.11ac
08:cc:68:b4:68:ee,802.11ac
08:cc:68:b4:6a:11,802.11n
08:cc:68:b4:75:a5,802.11n
08:cc:68:b4:84:1a,802.11ac
08:cc:68:b4:92:6a,802.11ac
08:cc:68:b4:b5:85,802.11n
08:cc:68:b4:b5:8a,802.11ac
08:cc:68:b5:45:7a,802.11ac
08:cc:68:b5:82:2a,802.11ac
08:cc:68:b5:eb:35,802.11n
24:16:9d:24:45:0e,802.11ac
58:97:1e:b2:2b:36,802.11ac
58:97:1e:b2:2b:3e,802.11n
84:3d:c6:08:0c:75,802.11n
b8:11:4b:81:9c:81,802.11n
b8:11:4b:81:9c:8e,802.11ac
08:cc:68:b4:68:ec,802.11ac
08:cc:68:b4:6a:13,802.11n
1c:e6:c7:5b:15:3c,802.11n
24:16:9d:24:45:0c,802.11ac
54:78:1a:bf:77:3c,802.11n
58:97:1e:b2:2b:34,802.11ac
58:97:1e:b2:2b:3c,802.11n
84:78:ac:c0:1f:54,802.11ac
b8:11:4b:81:9c:8c,802.11ac
20:b0:01:8e:5b:3d,802.11n
9a:a6:7e:50:f6:ac,802.11ax
64:a5:c3:64:5d:ae,802.11n
64:a5:c3:64:5d:af,802.11ac
00:2c:c8:3e:52:80,802.11n
08:cc:68:b4:8a:4f,802.11ac
08:cc:68:b4:a1:a0,802.11n
08:cc:68:b4:a1:af,802.11ac
08:cc:68:b4:b3:80,802.11n
08:cc:68:b4:b3:8f,802.11ac
08:cc:68:b4:c7:10,802.11n
08:cc:68:b4:db:20,802.11n
08:cc:68:b4:db:2f,802.11ac
08:cc:68:b5:7f:b1,802.11n
08:cc:68:b5:7f:be,802.11ac
08:cc:68:b5:c2:f0,802.11n
08:cc:68:b5:c2:ff,802.11ac
08:cc:68:b5:dd:ff,802.11ac
1c:e6:c7:3e:d8:5f,802.11n
1c:e6:c7:e0:26:70,802.11n
1c:e6:c7:e0:26:77,802.11ac
1c:e6:c7:f0:1a:10,802.11n
1c:e6:c7:f0:1a:87,802.11ac
1c:e6:c7:f0:1a:8f,802.11n
1c:e6:c7:f0:1f:c0,802.11n
1c:e6:c7:f0:1f:c7,802.11ac
1c:e6:c7:f0:1f:cf,802.11n
20:3a:07:e4:c0:4f,802.11n
58:97:1e:56:1e:87,802.11ac
58:97:1e:56:1e:8f,802.11n
58:ac:78:5e:75:2e,802.11ac
58:ac:78:5e:90:d1,802.11n
58:ac:78:65:99:71,802.11n
84:78:ac:98:14:1f,802.11n
a0:0f:37:4c:09:ee,802.11ac
a8:9d:21:5c:c2:ff,802.11ac
d0:72:dc:53:5d:4f,802.11ac
d0:c7:89:67:82:b0,802.11n
d0:c7:89:67:82:b7,802.11ac
d4:c9:3c:b6:5e:e1,802.11n
f0:9e:63:14:ab:c0,802.11n
f0:9e:63:14:ab:cf,802.11n
2a:26:cc:20:db:75,802.11n
08:cc:68:b4:8a:4b,802.11ac
08:cc:68:b4:a1:ab,802.11ac
08:cc:68:b4:b3:84,802.11n
08:cc:68:b4:b3:8b,802.11ac
08:cc:68:b4:db:24,802.11n
08:cc:68:b4:db:2b,802.11ac
08:cc:68:b5:c2:f4,802.11n
08:cc:68:b5:c2:fb,802.11ac
08:cc:68:b5:cd:7b,802.11ac
08:cc:68:b5:d4:14,802.11n
08:cc:68:b5:d4:1b,802.11ac
08:cc:68:b5:dd:fb,802.11ac
1c:e6:c7:0d:fe:d4,802.11n
1c:e6:c7:3e:d8:5b,802.11n
1c:e6:c7:e0:26:73,802.11ac
1c:e6:c7:e0:26:7b,802.11n
1c:e6:c7:f0:1a:14,802.11n
1c:e6:c7:f0:1a:1b,802.11n
1c:e6:c7:f0:1a:83,802.11ac
1c:e6:c7:f0:1a:8b,802.11n
1c:e6:c7:f0:1f:c3,802.11ac
58:97:1e:56:1e:83,802.11ac
7c:0e:ce:dc:5d:03,802.11n
7c:0e:ce:dc:5d:0c,802.11ac
84:78:ac:98:14:1b,802.11n
a0:0f:37:4c:09:ed,802.11ac
a8:9d:21:5c:c2:fb,802.11ac
d0:72:dc:53:5d:4b,802.11ac
d0:c7:89:67:82:b3,802.11ac
d0:c7:89:67:82:b4,802.11n
f0:9e:63:14:ab:cc,802.11n
dc:8d:8a:9e:f9:5c,802.11ax
f0:d1:a9:15:57:af,802.11n
58:2a:f7:53:3d:b4,802.11n
08:cc:68:b4:8a:41,802.11n
08:cc:68:b4:a1:a1,802.11n
08:cc:68:b4:a1:ae,802.11ac
08:cc:68:b4:c7:11,802.11n
08:cc:68:b4:c7:1e,802.11ac
08:cc:68:b4:db:21,802.11n
08:cc:68:b4:db:2e,802.11ac
08:cc:68:b4:dc:1f,802.11ac
08:cc:68:b5:7f:b0,802.11n
08:cc:68:b5:7f:bf,802.11ac
08:cc:68:b5:c2:f1,802.11n
08:cc:68:b5:d4:1e,802.11ac
1c:e6:c7:0d:fe:d1,802.11n
1c:e6:c7:0d:fe:d6,802.11ac
1c:e6:c7:3e:d8:56,802.11ac
1c:e6:c7:3e:d8:5e,802.11n
1c:e6:c7:e0:26:71,802.11n
1c:e6:c7:f0:1a:11,802.11n
1c:e6:c7:f0:1a:16,802.11ac
1c:e6:c7:f0:1a:86,802.11ac
1c:e6:c7:f0:1a:8e,802.11n
1c:e6:c7:f0:1f:c1,802.11n
1c:e6:c7:f0:1f:c6,802.11ac
1c:e6:c7:f0:1f:ce,802.11n
58:97:1e:56:1e:86,802.11ac
58:97:1e:56:1e:8e,802.11n
58:97:1e:56:43:37,802.11ac
58:ac:78:89:d4:b0,802.11n
58:ac:78:9b:0d:1f,802.11ac
84:78:ac:98:14:1e,802.11n
a0:0f:37:4c:09:ef,802.11ac
a8:9d:21:5c:c2:fe,802.11ac
a8:9d:21:5f:4c:11,802.11n
d0:72:dc:53:5d:4e,802.11ac
d0:c7:89:67:82:b6,802.11ac
d4:c9:3c:b6:5e:e0,802.11n
f0:9e:63:14:ab:c1,802.11n
f0:9e:63:14:ab:ce,802.11n
00:2c:c8:3e:52:83,802.11n
08:cc:68:b4:8a:43,802.11n
08:cc:68:b4:8a:4c,802.11ac
08:cc:68:b5:7f:bc,802.11ac
08:cc:68:b5:c2:f3,802.11n
1c:e6:c7:3e:d8:53,802.11n
1c:e6:c7:3e:d8:5c,802.11n
1c:e6:c7:e0:26:73,802.11n
1c:e6:c7:e0:26:74,802.11ac
1c:e6:c7:f0:1a:13,802.11n
1c:e6:c7:f0:1a:1c,802.11n
1c:e6:c7:f0:1a:84,802.11ac
1c:e6:c7:f0:1a:8c,802.11n
1c:e6:c7:f0:1f:c3,802.11n
1c:e6:c7:f0:1f:c4,802.11ac
1c:e6:c7:f0:1f:cc,802.11n
58:97:1e:56:1e:84,802.11ac
a0:0f:37:4c:09:ec,802.11ac
a8:9d:21:5c:c2:fc,802.11ac
a8:9d:21:5f:4c:13,802.11n
d0:72:dc:53:5d:4c,802.11ac
d0:c7:89:67:82:b3,802.11n
d0:c7:89:67:82:b4,802.11ac
d4:c9:3c:b6:5e:e3,802.11n
f0:9e:63:14:ab:c2,802.11n
f0:9e:63:14:ab:cd,802.11n
00:04:56:ad:68:11,802.11n
00:04:56:ad:d7:61,802.11n
00:04:56:ae:43:51,802.11ac
4c:5e:0c:b2:e8:05,802.11n
00:04:56:ad:68:10,802.11n
00:04:56:ae:2b:90,802.11n
00:04:56:ae:43:50,802.11ac
08:cc:68:b4:a6:7f,802.11ac
08:cc:68:b4:ae:df,802.11ac
08:cc:68:b4:b2:6f,802.11ac
08:cc:68:b4:b6:a0,802.11n
08:cc:68:b4:bf:2f,802.11ac
08:cc:68:b4:c0:7f,802.11ac
08:cc:68:b4:c4:8f,802.11ac
08:cc:68:b5:92:af,802.11ac
1c:e6:c7:0d:57:4f,802.11n
1c:e6:c7:3e:61:ce,802.11n
1c:e6:c7:5b:2b:c0,802.11n
1c:e6:c7:5b:2b:c7,802.11ac
1c:e6:c7:5b:30:1f,802.11n
1c:e6:c7:f0:25:40,802.11n
1c:e6:c7:f0:25:47,802.11ac
54:78:1a:bf:6f:57,802.11ac
54:78:1a:bf:6f:5f,802.11n
5c:e1:76:0a:4f:cf,802.11ac
84:78:ac:c0:5c:3f,802.11n
a0:0f:37:4c:93:2f,802.11ac
a0:55:4f:cf:eb:00,802.11n
d0:72:dc:53:5d:40,802.11n
f0:9e:63:14:66:8f,802.11n
f0:9e:63:14:8f:8f,802.11n
f0:9e:63:14:a1:00,802.11n
f0:9e:63:14:a9:20,802.11n
f0:9e:63:1c:b4:60,802.11n
f0:9e:63:1c:b4:6f,802.11n
f0:9e:63:1d:d2:ef,802.11n
08:cc:68:b4:af:4d,802.11ac
08:cc:68:b4:b2:6b,802.11ac
08:cc:68:b4:bd:d4,802.11n
08:cc:68:b4:bf:2b,802.11ac
08:cc:68:b4:c4:8b,802.11ac
1c:e6:c7:3e:61:cd,802.11n
1c:e6:c7:5b:15:3b,802.11n
1c:e6:c7:5b:2b:c3,802.11ac
1c:e6:c7:5b:30:1b,802.11n
1c:e6:c7:5b:32:14,802.11n
54:78:1a:bf:6f:53,802.11ac
54:78:1a:bf:6f:5b,802.11n
84:78:ac:c0:5c:33,802.11ac
84:78:ac:c0:5c:3b,802.11n
a0:0f:37:4c:54:4b,802.11ac
a0:0f:37:4c:93:2b,802.11ac
d0:72:dc:53:5d:44,802.11n
f0:9e:63:14:66:8c,802.11n
f0:9e:63:14:78:e3,802.11n
f0:9e:63:14:78:ec,802.11n
f0:9e:63:14:8f:8c,802.11n
f0:9e:63:14:a1:03,802.11n
f0:9e:63:14:a9:23,802.11n
f0:9e:63:1c:b4:63,802.11n
f0:9e:63:1c:b4:6c,802.11n
d0:db:b7:9c:0d:e4,802.11ax
dc:8d:8a:41:c0:24,802.11ax
1a:59:c0:4d:c3:09,802.11ac
68:dd:b7:13:b7:65,802.11ax
54:af:97:5d:b9:24,802.11ax
08:cc:68:b4:a1:91,802.11n
08:cc:68:b4:a1:9e,802.11ac
08:cc:68:b4:a6:71,802.11n
08:cc:68:b4:a6:7e,802.11ac
08:cc:68:b4:b2:6e,802.11ac
08:cc:68:b4:bf:2e,802.11ac
08:cc:68:b4:c4:8e,802.11ac
1c:e6:c7:3e:60:c7,802.11ac
1c:e6:c7:3e:61:c7,802.11ac
1c:e6:c7:3e:61:cf,802.11n
1c:e6:c7:5b:15:3e,802.11n
1c:e6:c7:5b:2b:c6,802.11ac
1c:e6:c7:5b:2b:ce,802.11n
1c:e6:c7:5b:30:16,802.11ac
1c:e6:c7:5b:32:11,802.11n
1c:e6:c7:f0:25:41,802.11n
1c:e6:c7:f0:25:46,802.11ac
1c:e6:c7:f0:25:4e,802.11n
54:78:1a:bf:6f:56,802.11ac
54:78:1a:bf:6f:5e,802.11n
84:78:ac:c0:5c:36,802.11ac
84:78:ac:c0:5c:3e,802.11n
a0:0f:37:4c:54:4e,802.11ac
a0:0f:37:4c:93:2e,802.11ac
f0:9e:63:14:66:8e,802.11n
f0:9e:63:14:8f:8e,802.11n
f0:9e:63:14:a1:01,802.11n
f0:9e:63:1c:b4:61,802.11n
f0:9e:63:1c:b4:6e,802.11n
08:cc:68:b4:a1:93,802.11n
08:cc:68:b4:a1:9c,802.11ac
08:cc:68:b4:a6:7c,802.11ac
08:cc:68:b4:b2:6c,802.11ac
08:cc:68:b4:bf:2c,802.11ac
08:cc:68:b4:c0:7c,802.11ac
08:cc:68:b4:c4:8c,802.11ac
08:cc:68:b5:92:a3,802.11n
08:cc:68:b5:92:ac,802.11ac
1c:e6:c7:3e:61:cc,802.11n
1c:e6:c7:5b:2b:c4,802.11ac
1c:e6:c7:5b:2b:cc,802.11n
1c:e6:c7:5b:32:1c,802.11n
54:78:1a:bf:6f:54,802.11ac
54:78:1a:bf:6f:5c,802.11n
58:97:1e:56:57:2c,802.11n
5c:e1:76:0a:4f:cd,802.11ac
84:78:ac:c0:5c:34,802.11ac
a0:0f:37:4c:54:43,802.11n
a0:0f:37:4c:54:4c,802.11ac
a0:0f:37:4c:93:2c,802.11ac
f0:9e:63:14:66:8d,802.11n
f0:9e:63:14:78:ed,802.11n
f0:9e:63:14:8f:8d,802.11n
f0:9e:63:14:a1:02,802.11n
f0:9e:63:1c:b4:62,802.11n
f0:9e:63:1c:b4:6d,802.11n
1c:e6:c7:f0:25:41,802.11ac
1c:e6:c7:f0:25:46,802.11n
1c:e6:c7:f0:25:49,802.11n
9a:a6:7e:50:f6:ab,802.11ax
9a:a6:7e:57:1f:93,802.11ax
08:cc:68:b4:92:50,802.11n
08:cc:68:b4:a1:60,802.11n
08:cc:68:b4:af:4e,802.11ac
08:cc:68:b5:8f:ff,802.11ac
08:cc:68:b5:90:ce,802.11ac
08:cc:68:b5:f2:4f,802.11ac
1c:e6:c7:3e:60:ce,802.11n
1c:e6:c7:f0:1a:17,802.11ac
20:3a:07:e4:c0:47,802.11ac
7c:0e:ce:de:4f:cf,802.11ac
d0:c7:89:67:82:bf,802.11n
f0:9e:63:14:66:80,802.11n
f0:9e:63:1d:e4:2f,802.11n
08:cc:68:b4:92:54,802.11n
08:cc:68:b4:a1:64,802.11n
1c:e6:c7:f0:1a:13,802.11ac
20:3a:07:e4:c0:43,802.11ac
f0:9e:63:14:66:83,802.11n
f0:9e:63:14:a1:0c,802.11n
f0:9e:63:14:ab:c3,802.11n
f0:9e:63:1d:e4:2c,802.11n
7e:45:58:21:00:17,802.11n
82:45:58:22:00:17,802.11ac
78:45:58:45:c1:5d,802.11ac
f0:51:36:5a:03:d5,802.11n
48:f8:b3:39:cc:f2,802.11n
50:c7:bf:de:20:3a,802.11ac
08:cc:68:b4:92:51,802.11n
08:cc:68:b4:a1:61,802.11n
08:cc:68:b4:ae:d1,802.11n
08:cc:68:b4:af:4f,802.11ac
08:cc:68:b5:90:cf,802.11ac
1c:e6:c7:f0:1a:1e,802.11n
20:3a:07:e4:c0:46,802.11ac
20:3a:07:e4:c0:4e,802.11n
a0:0f:37:4c:9f:8f,802.11ac
d0:72:dc:53:5d:41,802.11n
f0:9e:63:14:66:81,802.11n
f0:9e:63:14:a1:0e,802.11n
f0:9e:63:1d:e4:2e,802.11n
08:cc:68:b4:92:53,802.11n
08:cc:68:b4:92:5c,802.11ac
08:cc:68:b4:a1:6c,802.11ac
08:cc:68:b4:ae:dc,802.11ac
08:cc:68:b4:af:4c,802.11ac
08:cc:68:b5:90:cc,802.11ac
1c:e6:c7:3e:60:cc,802.11n
1c:e6:c7:f0:1a:14,802.11ac
20:3a:07:e4:c0:44,802.11ac
20:3a:07:e4:c0:4c,802.11n
7c:0e:ce:dc:5d:0d,802.11ac
84:78:ac:c0:5c:3c,802.11n
f0:9e:63:14:66:82,802.11n
f0:9e:63:14:a1:0d,802.11n
f0:9e:63:1d:e4:2d,802.11n
82:45:58:21:00:17,802.11n
86:45:58:22:00:17,802.11ac
9a:a6:7e:57:1f:92,802.11ax
08:cc:68:b4:58:1f,802.11ac
08:cc:68:b4:5f:df,802.11ac
08:cc:68:b4:92:5f,802.11ac
08:cc:68:b4:ac:f0,802.11n
5c:e1:76:0a:15:4f,802.11ac
5c:e1:76:0a:20:ef,802.11ac
7c:0e:ce:dc:5d:00,802.11n
7c:0e:ce:dc:5d:0f,802.11ac
7c:0e:ce:de:50:d0,802.11n
7c:0e:ce:de:50:df,802.11ac
a8:9d:21:5c:c2:f0,802.11n
f0:9e:63:14:67:40,802.11n
f0:9e:63:14:7a:c0,802.11n
f0:9e:63:14:7b:20,802.11n
f0:9e:63:14:8e:e0,802.11n
f0:9e:63:14:94:a0,802.11n
f0:9e:63:14:94:af,802.11n
f0:9e:63:14:95:40,802.11n
f0:9e:63:14:a9:2f,802.11n
f0:9e:63:14:ab:00,802.11n
f0:9e:63:14:ab:0f,802.11n
f0:9e:63:14:ad:20,802.11n
f0:9e:63:14:ad:2f,802.11n
f0:9e:63:14:b0:c0,802.11n
f0:9e:63:14:b0:cf,802.11n
f0:9e:63:1d:bf:0f,802.11n
f0:9e:63:1d:ca:cf,802.11n
f0:9e:63:1d:e4:20,802.11n
f0:9e:63:1d:fb:40,802.11n
f0:9e:63:1d:fb:4f,802.11n
08:cc:68:b4:58:1b,802.11ac
08:cc:68:b4:5f:db,802.11ac
08:cc:68:b4:92:5b,802.11ac
08:cc:68:b5:8f:fb,802.11ac
5c:e1:76:0a:15:4c,802.11ac
5c:e1:76:0a:20:ec,802.11ac
7c:0e:ce:de:50:dc,802.11ac
f0:9e:63:14:67:43,802.11n
f0:9e:63:14:76:a3,802.11n
f0:9e:63:14:7b:23,802.11n
f0:9e:63:14:7d:23,802.11n
f0:9e:63:14:8e:e3,802.11n
f0:9e:63:14:8e:ec,802.11n
f0:9e:63:14:94:a3,802.11n
f0:9e:63:14:94:ac,802.11n
f0:9e:63:14:95:43,802.11n
f0:9e:63:14:a9:2c,802.11n
f0:9e:63:14:ab:03,802.11n
f0:9e:63:14:ab:0c,802.11n
f0:9e:63:14:ad:2c,802.11n
f0:9e:63:14:b0:c3,802.11n
f0:9e:63:1d:bf:03,802.11n
f0:9e:63:1d:bf:0c,802.11n
f0:9e:63:1d:ca:cc,802.11n
f0:9e:63:1d:e4:23,802.11n
f0:9e:63:1d:fb:43,802.11n
f0:9e:63:1d:fb:4c,802.11n
84:18:3a:98:04:18,802.11n
7e:45:58:21:19:9e,802.11n
50:c7:bf:de:20:3b,802.11n
d0:db:b7:9c:0d:e3,802.11ax
bc:a5:11:3d:fb:4e,802.11ac
08:cc:68:b4:58:1e,802.11ac
08:cc:68:b4:5f:de,802.11ac
08:cc:68:b4:ae:de,802.11ac
08:cc:68:b4:bb:ce,802.11ac
08:cc:68:b5:8f:fe,802.11ac
18:e7:28:03:10:ae,802.11n
5c:e1:76:0a:15:4e,802.11ac
5c:e1:76:0a:20:ee,802.11ac
5c:e1:76:0a:21:21,802.11n
7c:0e:ce:dc:5d:01,802.11n
7c:0e:ce:dc:5d:0e,802.11ac
7c:0e:ce:de:50:de,802.11ac
f0:9e:63:14:67:41,802.11n
f0:9e:63:14:76:a1,802.11n
f0:9e:63:14:7a:c1,802.11n
f0:9e:63:14:8e:e1,802.11n
f0:9e:63:14:8e:ee,802.11n
f0:9e:63:14:94:a1,802.11n
f0:9e:63:14:94:ae,802.11n
f0:9e:63:14:95:41,802.11n
f0:9e:63:14:a9:21,802.11n
f0:9e:63:14:a9:2e,802.11n
f0:9e:63:14:ab:01,802.11n
f0:9e:63:14:ab:0e,802.11n
f0:9e:63:14:ad:2e,802.11n
f0:9e:63:14:b0:c1,802.11n
f0:9e:63:14:b0:ce,802.11n
f0:9e:63:1d:bf:0e,802.11n
f0:9e:63:1d:ca:ce,802.11n
f0:9e:63:1d:e4:21,802.11n
f0:9e:63:1d:fb:41,802.11n
f0:9e:63:1d:fb:4e,802.11n
08:cc:68:b4:58:13,802.11n
08:cc:68:b4:58:1c,802.11ac
08:cc:68:b4:5f:dc,802.11ac
08:cc:68:b4:ae:d3,802.11n
08:cc:68:b5:8f:f3,802.11n
08:cc:68:b5:8f:fc,802.11ac
5c:e1:76:0a:15:4d,802.11ac
5c:e1:76:0a:20:ed,802.11ac
7c:0e:ce:dc:5d:02,802.11n
7c:0e:ce:de:50:dd,802.11ac
f0:9e:63:14:67:42,802.11n
f0:9e:63:14:76:a2,802.11n
f0:9e:63:14:7b:22,802.11n
f0:9e:63:14:7d:22,802.11n
f0:9e:63:14:8e:e2,802.11n
f0:9e:63:14:8e:ed,802.11n
f0:9e:63:14:94:a2,802.11n
f0:9e:63:14:94:ad,802.11n
f0:9e:63:14:95:42,802.11n
f0:9e:63:14:a9:22,802.11n
f0:9e:63:14:a9:2d,802.11n
f0:9e:63:14:ab:02,802.11n
f0:9e:63:14:ab:0d,802.11n
f0:9e:63:14:ad:2d,802.11n
f0:9e:63:14:b0:c2,802.11n
f0:9e:63:14:b0:cd,802.11n
f0:9e:63:1d:bf:02,802.11n
f0:9e:63:1d:bf:0d,802.11n
f0:9e:63:1d:ca:c2,802.11n
f0:9e:63:1d:ca:cd,802.11n
f0:9e:63:1d:e4:22,802.11n
f0:9e:63:1d:fb:42,802.11n
82:45:58:21:05:d4,802.11n
82:45:58:21:18:f3,802.11n
82:45:58:21:19:9e,802.11n
78:45:58:21:18:b7,802.11n
78:45:58:21:19:9e,802.11n
a4:2b:8c:57:10:a5,802.11n
94:a6:7e:b2:bf:4d,802.11ac
36:68:95:5a:52:76,802.11n
08:cc:68:b4:54:cf,802.11ac
08:cc:68:b4:7f:7f,802.11ac
1c:e6:c7:3e:da:bf,802.11n
1c:e6:c7:5b:89:31,802.11n
a0:0f:37:4c:7b:0e,802.11ac
a0:0f:37:4c:9f:8e,802.11ac
08:cc:68:b4:54:cb,802.11ac
08:cc:68:b4:9e:3b,802.11ac
08:cc:68:b4:ac:fb,802.11ac
08:cc:68:b5:96:0b,802.11ac
1c:e6:c7:3e:da:bb,802.11n
a0:0f:37:4c:7b:0d,802.11ac
a0:0f:37:4c:9f:8d,802.11ac
a8:9d:21:5c:c2:f4,802.11n
7e:45:58:1d:f0:a1,802.11n
7e:45:58:1d:f6:ef,802.11n
82:45:58:1e:f0:a1,802.11ac
82:45:58:1e:f4:ae,802.11ac
82:45:58:1e:f8:ff,802.11ac
78:45:58:44:c1:5d,802.11n
10:7b:44:c4:22:44,802.11ac
02:11:87:c1:d8:6f,802.11g
08:cc:68:b4:54:ce,802.11ac
08:cc:68:b4:58:11,802.11n
08:cc:68:b4:5a:1e,802.11ac
08:cc:68:b4:9e:3e,802.11ac
08:cc:68:b4:ac:fe,802.11ac
08:cc:68:b5:91:fe,802.11ac
a0:0f:37:4c:7b:0f,802.11ac
a8:9d:21:5c:c2:f1,802.11n
08:cc:68:b4:9e:3c,802.11ac
a0:0f:37:4c:7b:03,802.11n
a0:0f:37:4c:7b:0c,802.11ac
a0:0f:37:4c:9f:8c,802.11ac
a8:9d:21:5c:c2:f3,802.11n
82:45:58:1d:f0:a1,802.11n
82:45:58:21:19:76,802.11n
86:45:58:1e:f0:a1,802.11ac
86:45:58:1e:f4:ae,802.11ac
86:45:58:1e:f8:ff,802.11ac
78:45:58:1d:f0:a1,802.11n
7e:45:58:1e:f0:a1,802.11ac
7e:45:58:1e:f4:ae,802.11ac
7e:45:58:1e:f8:ff,802.11ac
78:45:58:1d:f6:ef,802.11n
26:e8:53:38:0b:7c,802.11n
26:e8:53:38:0b:d4,802.11n
de:03:98:c7:7a:93,802.11n
de:03:98:c7:92:06,802.11n
de:03:98:d5:bc:39,802.11n
de:03:98:d5:c1:20,802.11n
08:cc:68:b4:58:10,802.11n
08:cc:68:b4:9e:3f,802.11ac
1c:e6:c7:3e:60:c6,802.11ac
1c:e6:c7:3e:61:c6,802.11ac
1c:e6:c7:e0:1f:2f,802.11n
1c:e6:c7:3e:60:c5,802.11ac
1c:e6:c7:3e:60:cd,802.11n
1c:e6:c7:3e:61:c5,802.11ac
7c:0e:ce:de:50:d3,802.11n
f0:9e:63:14:7a:c3,802.11n
f0:9e:63:1d:ca:23,802.11n
f0:9e:63:1d:f2:cc,802.11n
84:18:3a:98:5c:28,802.11n
7e:45:58:1d:fb:e8,802.11n
7e:45:58:21:06:91,802.11n
7e:45:58:21:19:4a,802.11n
bc:a5:11:97:5f:06,802.11ac
c2:a5:11:97:5f:04,802.11ac
84:18:3a:d8:04:18,802.11n
84:18:3a:d8:5c:28,802.11n
84:18:3a:18:4e:79,802.11n
1c:e6:c7:3e:da:be,802.11n
1c:e6:c7:e0:1f:2e,802.11n
7c:0e:ce:de:50:d1,802.11n
a8:9d:21:5f:4c:9e,802.11ac
f0:9e:63:14:94:4e,802.11n
f0:9e:63:1d:f9:0e,802.11n
08:cc:68:b4:5a:1c,802.11ac
08:cc:68:b4:8d:7c,802.11ac
1c:e6:c7:3e:60:c4,802.11ac
1c:e6:c7:3e:61:c4,802.11ac
1c:e6:c7:3e:da:bc,802.11n
1c:e6:c7:e0:1f:2c,802.11n
7c:0e:ce:de:50:d2,802.11n
a0:0f:37:4c:09:e3,802.11n
a8:9d:21:5f:4c:9d,802.11ac
f0:9e:63:14:7a:c2,802.11n
f0:9e:63:1d:ca:22,802.11n
82:45:58:1d:fb:e8,802.11n
82:45:58:21:19:4a,802.11n
78:45:58:21:19:4a,802.11n
d8:38:fc:df:10:bc,802.11ac
08:cc:68:b4:ac:ff,802.11ac
08:cc:68:b5:91:ff,802.11ac
08:cc:68:b5:c7:ef,802.11ac
1c:e6:c7:5b:89:3e,802.11n
f0:9e:63:14:89:60,802.11n
f0:9e:63:14:a2:ef,802.11n
f0:9e:63:1d:ff:0f,802.11n
08:cc:68:b4:7f:7b,802.11ac
08:cc:68:b4:92:2b,802.11ac
08:cc:68:b5:91:fb,802.11ac
08:cc:68:b5:c7:eb,802.11ac
f0:9e:63:14:89:63,802.11n
f0:9e:63:14:a2:ec,802.11n
f0:9e:63:1d:f9:0c,802.11n
f0:9e:63:1d:ff:0c,802.11n
24:c9:a1:ab:e3:ac,802.11n
6c:aa:b3:84:55:3c,802.11n
84:18:3a:98:04:1c,802.11n
84:18:3a:98:2f:dc,802.11n
84:18:3a:98:5c:2c,802.11n
84:18:3a:98:5f:1c,802.11n
84:18:3a:98:5f:5c,802.11n
84:18:3a:98:ac:7c,802.11n
84:18:3a:98:d7:0c,802.11n
82:45:58:1e:fb:e8,802.11ac
82:45:58:22:06:91,802.11ac
82:45:58:22:18:f3,802.11ac
82:45:58:22:19:9e,802.11ac
24:c9:a1:eb:e3:ac,802.11n
6c:aa:b3:c4:55:3c,802.11n
84:18:3a:d8:04:1c,802.11n
84:18:3a:d8:5c:2c,802.11n
84:18:3a:d8:5f:1c,802.11n
84:18:3a:d8:5f:5c,802.11n
84:18:3a:d8:ac:7c,802.11n
84:18:3a:d8:d7:0c,802.11n
d8:38:fc:1f:10:bc,802.11ac
24:c9:a1:2b:e3:ad,802.11n
6c:aa:b3:04:55:3d,802.11n
84:18:3a:18:04:1d,802.11n
84:18:3a:18:5c:2d,802.11n
84:18:3a:18:5f:1d,802.11n
84:18:3a:18:5f:5d,802.11n
84:18:3a:18:ac:7d,802.11n
84:18:3a:18:b2:ed,802.11n
84:18:3a:18:d7:0d,802.11n
08:cc:68:b4:7f:7e,802.11ac
1c:e6:c7:3e:60:cf,802.11n
f0:9e:63:14:76:ae,802.11n
f0:9e:63:1d:f2:ce,802.11n
f0:9e:63:1d:ff:0e,802.11n
08:cc:68:b4:54:cc,802.11ac
08:cc:68:b5:c7:ec,802.11ac
1c:e6:c7:5b:89:3c,802.11n
1c:e6:c7:f0:1b:d4,802.11ac
f0:9e:63:14:76:ad,802.11n
f0:9e:63:1d:f2:cd,802.11n
f0:9e:63:1d:ff:0d,802.11n
86:45:58:1e:ea:02,802.11ac
86:45:58:1e:fb:e8,802.11ac
86:45:58:22:06:91,802.11ac
86:45:58:22:18:f3,802.11ac
7e:45:58:1e:ea:02,802.11ac
7e:45:58:1e:fb:e8,802.11ac
7e:45:58:22:06:91,802.11ac
7e:45:58:22:18:f3,802.11ac
7e:45:58:22:19:9e,802.11ac
d8:38:fc:cb:22:ec,802.11ac
26:e8:53:38:1e:ce,802.11n
26:e8:53:38:22:75,802.11n
fa:b9:5a:cb:86:6b,802.11n
de:03:98:c7:91:f4,802.11n
08:cc:68:b4:92:2f,802.11ac
a8:9d:21:5f:51:f1,802.11n
a8:9d:21:5f:51:fe,802.11ac
08:cc:68:b4:52:2b,802.11ac
a8:9d:21:5f:51:f2,802.11n
a8:9d:21:5f:51:fd,802.11ac
84:18:3a:98:d7:08,802.11n
e0:10:7f:9c:3e:ec,802.11n
26:5a:4c:95:79:fd,802.11n
7e:45:58:1d:f3:9f,802.11n
7e:45:58:1d:f4:ae,802.11n
7e:45:58:21:05:d4,802.11n
82:45:58:1e:ff:f6,802.11ac
d8:38:fc:4b:22:ec,802.11ac
8a:45:58:1e:ff:f6,802.11ac
e0:10:7f:5c:3e:e7,802.11n
fa:9e:38:70:b8:95,802.11ac
f2:9e:38:70:b8:95,802.11ac
fe:9e:38:70:b8:95,802.11ac
f6:9e:38:70:b8:95,802.11ac
84:18:3a:d8:d7:08,802.11n
d8:38:fc:b9:a2:9c,802.11ac
e0:10:7f:dc:3e:ec,802.11n
d8:38:fc:0b:22:ec,802.11ac
d8:38:fc:1f:13:6c,802.11ac
d8:38:fc:f9:a2:9c,802.11ac
e0:10:7f:1c:3e:ed,802.11n
84:18:3a:18:d7:09,802.11n
a8:9d:21:5f:51:f0,802.11n
a8:9d:21:5f:51:ff,802.11ac
08:cc:68:b4:52:2c,802.11ac
08:cc:68:b5:91:fc,802.11ac
a8:9d:21:5f:51:f3,802.11n
a8:9d:21:5f:51:fc,802.11ac
82:45:58:1d:f3:9f,802.11n
82:45:58:1d:f4:ae,802.11n
82:45:58:1d:f8:ff,802.11n
82:45:58:1d:ff:f6,802.11n
82:45:58:21:17:81,802.11n
86:45:58:1e:ff:f6,802.11ac
78:45:58:1d:f3:9f,802.11n
78:45:58:1d:f4:ae,802.11n
78:45:58:1d:f8:ff,802.11n
78:45:58:21:05:d4,802.11n
78:45:58:21:06:91,802.11n
7e:45:58:1e:ff:f6,802.11ac
7e:45:58:22:00:17,802.11ac
50:d4:f7:56:11:0c,802.11ac
d8:33:b7:e3:29:96,802.11ax
ea:9e:38:70:b8:95,802.11ac
d8:38:fc:df:18:8c,802.11ac
fa:b9:5a:57:83:9c,802.11n
de:03:98:fd:92:e8,802.11n
fa:b9:5a:cb:b0:99,802.11n
de:03:98:9f:ea:7e,802.11n
26:e8:53:37:f1:7e,802.11n
fa:92:bf:ce:75:1e,802.11ac
1c:e6:c7:5b:89:36,802.11ac
a0:0f:37:4c:7b:01,802.11n
a8:9d:21:5f:4c:90,802.11n
a8:9d:21:5f:4c:9f,802.11ac
1c:e6:c7:5b:89:35,802.11ac
a0:0f:37:4c:7b:02,802.11n
a8:9d:21:5f:4c:93,802.11n
a8:9d:21:5f:4c:9c,802.11ac
26:5a:4c:a5:79:fe,802.11ac
7e:45:58:1d:f8:ff,802.11n
7e:45:58:1d:fa:37,802.11n
82:45:58:1e:fa:37,802.11ac
90:72:40:25:07:e0,802.11n
d8:38:fc:5f:18:8c,802.11ac
86:45:58:1d:ff:f6,802.11n
d8:38:fc:1f:18:8c,802.11ac
a0:0f:37:4c:7b:00,802.11n
08:cc:68:b4:ac:fc,802.11ac
a8:9d:21:5f:4c:92,802.11n
26:5a:4c:a5:79:fd,802.11n
26:5a:4c:b5:79:fe,802.11ac
82:45:58:1d:fa:37,802.11n
82:45:58:21:06:91,802.11n
86:45:58:1e:fa:37,802.11ac
24:5a:4c:95:79:fd,802.11n
26:5a:4c:95:79:fe,802.11ac
78:45:58:1d:ea:02,802.11n
78:45:58:1d:ff:f6,802.11n
78:45:58:21:0a:ca,802.11n
7e:45:58:1e:fa:37,802.11ac
30:91:8f:a2:9a:39,802.11n
d8:38:fc:cf:21:ec,802.11ac
d8:38:fc:cf:36:0c,802.11ac
d8:38:fc:df:13:dc,802.11ac
d8:38:fc:df:18:4c,802.11ac
d8:38:fc:f4:90:2c,802.11ac
d8:38:fc:f4:90:4c,802.11ac
d8:38:fc:f4:90:6c,802.11ac
26:e8:53:38:22:34,802.11n
de:03:98:6d:04:39,802.11n
de:03:98:c7:15:e6,802.11n
de:03:98:c7:1b:8f,802.11n
26:e8:53:38:22:46,802.11n
fa:b9:5a:3e:76:40,802.11n
fa:b9:5a:3e:76:75,802.11n
fa:b9:5a:3e:77:2f,802.11n
de:03:98:c7:8f:02,802.11n
de:03:98:c7:8f:49,802.11n
de:03:98:c7:92:85,802.11n
de:03:98:fd:98:d9,802.11n
de:03:98:c7:9a:41,802.11n
fa:b9:5a:cb:b0:d0,802.11n
de:03:98:9f:d4:c0,802.11n
de:03:98:9f:d4:fa,802.11n
de:03:98:9f:db:0d,802.11n
de:03:98:9f:e4:12,802.11n
de:03:98:9f:e4:1a,802.11n
de:03:98:9f:e4:2b,802.11n
de:03:98:9f:e4:2e,802.11n
de:03:98:9f:e4:31,802.11n
de:03:98:c6:f6:d0,802.11n
de:03:98:c6:f7:4c,802.11n
f4:92:bf:cd:75:1e,802.11n
a0:0f:37:4c:09:e1,802.11n
d0:72:dc:53:60:8f,802.11ac
d0:72:dc:53:60:8b,802.11ac
7e:45:58:1d:fe:05,802.11n
7e:45:58:21:18:b7,802.11n
d8:38:fc:4f:21:ec,802.11ac
d8:38:fc:4f:36:0c,802.11ac
d8:38:fc:5f:13:dc,802.11ac
d8:38:fc:5f:18:38,802.11n
d8:38:fc:5f:18:48,802.11n
d8:38:fc:5f:18:4c,802.11ac
d8:38:fc:74:90:2c,802.11ac
d8:38:fc:74:90:48,802.11n
d8:38:fc:74:90:4c,802.11ac
d8:38:fc:74:90:68,802.11n
d8:38:fc:74:90:6c,802.11ac
 0x536f7068 6965e280 9973206c 61697220 ... 65616b65 722e6f2c },802.(null)
d8:38:fc:0f:21:ec,802.11ac
d8:38:fc:0f:36:0c,802.11ac
d8:38:fc:1f:13:0c,802.11ac
d8:38:fc:1f:13:dc,802.11ac
d8:38:fc:1f:18:38,802.11n
d8:38:fc:1f:18:48,802.11n
d8:38:fc:1f:18:4c,802.11ac
d8:38:fc:34:90:28,802.11n
d8:38:fc:34:90:2c,802.11ac
d8:38:fc:34:90:48,802.11n
d8:38:fc:34:90:68,802.11n
d8:38:fc:34:90:6c,802.11ac
1c:e6:c7:5b:89:3f,802.11n
a0:0f:37:4c:09:e0,802.11n
a8:9d:21:5f:4c:91,802.11n
1c:e6:c7:3e:60:c3,802.11n
82:45:58:21:18:b7,802.11n
b0:a7:b9:50:1e:5e,802.11ax
d8:33:b7:10:82:a6,802.11ax
9c:c9:eb:4d:6e:18,802.11ac
26:e8:53:38:22:73,802.11n
fa:b9:5a:57:83:81,802.11n
fa:b9:5a:57:83:c5,802.11n
08:cc:68:b4:5f:51,802.11n
08:cc:68:b4:7f:70,802.11n
08:cc:68:b4:af:41,802.11n
1c:e6:c7:0d:6c:df,802.11n
1c:e6:c7:3e:61:c1,802.11n
1c:e6:c7:5b:24:4e,802.11n
1c:e6:c7:5b:68:01,802.11n
1c:e6:c7:5b:68:06,802.11ac
58:97:1e:56:56:26,802.11ac
a0:0f:37:4c:e6:81,802.11n
a0:0f:37:4c:e6:8e,802.11ac
d0:72:dc:53:63:31,802.11n
d0:72:dc:53:63:3e,802.11ac
d0:72:dc:53:63:fe,802.11ac
d0:72:dc:5c:0a:d1,802.11n
d0:72:dc:5c:0a:de,802.11ac
08:cc:68:b4:51:db,802.11ac
08:cc:68:b4:7f:74,802.11n
1c:e6:c7:0d:6c:d4,802.11n
1c:e6:c7:0d:6c:db,802.11n
1c:e6:c7:3e:61:c2,802.11n
1c:e6:c7:5b:68:02,802.11n
1c:e6:c7:5b:68:05,802.11ac
1c:e6:c7:5b:89:32,802.11n
58:97:1e:56:56:25,802.11ac
a0:0f:37:4c:e6:8d,802.11ac
d0:72:dc:53:63:32,802.11n
d0:72:dc:53:63:3d,802.11ac
d0:72:dc:53:63:fd,802.11ac
d0:72:dc:5c:0a:d2,802.11n
d0:72:dc:5c:0a:dd,802.11ac
7e:45:58:21:18:f3,802.11n
30:c6:f7:ea:ab:71,802.11n
f2:9e:28:70:b4:5b,802.11ac
f6:9e:28:70:b4:5b,802.11ac
08:cc:68:b4:51:de,802.11ac
08:cc:68:b4:5f:50,802.11n
08:cc:68:b4:5f:5f,802.11ac
08:cc:68:b4:af:40,802.11n
1c:e6:c7:0d:6c:de,802.11n
1c:e6:c7:3e:60:c0,802.11n
1c:e6:c7:3e:61:c0,802.11n
1c:e6:c7:5b:24:4f,802.11n
1c:e6:c7:5b:4a:fe,802.11n
1c:e6:c7:5b:68:07,802.11ac
1c:e6:c7:5b:89:37,802.11ac
58:97:1e:56:56:27,802.11ac
70:df:2f:ea:82:af,802.11ac
84:78:ac:c0:35:27,802.11ac
a0:0f:37:4c:e6:8f,802.11ac
d0:72:dc:53:63:30,802.11n
d0:72:dc:53:63:3f,802.11ac
d0:72:dc:53:63:ff,802.11ac
d0:72:dc:5c:0a:d0,802.11n
d0:72:dc:5c:0a:df,802.11ac
08:cc:68:b4:51:dc,802.11ac
08:cc:68:b4:5f:53,802.11n
08:cc:68:b4:5f:5c,802.11ac
08:cc:68:b4:7f:73,802.11n
08:cc:68:b4:7f:7c,802.11ac
1c:e6:c7:0d:6c:d3,802.11n
1c:e6:c7:3e:61:c3,802.11n
1c:e6:c7:5b:68:03,802.11n
1c:e6:c7:5b:68:04,802.11ac
1c:e6:c7:5b:89:33,802.11n
1c:e6:c7:5b:89:34,802.11ac
1c:e6:c7:f0:20:1c,802.11n
58:97:1e:56:56:24,802.11ac
58:97:1e:56:56:2c,802.11n
a0:0f:37:4c:e6:8c,802.11ac
d0:72:dc:53:63:33,802.11n
d0:72:dc:53:63:3c,802.11ac
d0:72:dc:5c:0a:d3,802.11n
d0:72:dc:5c:0a:dc,802.11ac
78:45:58:21:00:17,802.11n
78:45:58:21:18:f3,802.11n
d8:38:fc:df:10:ac,802.11ac
a4:2b:8c:57:10:a4,802.11n
de:03:98:c7:15:4e,802.11n
08:cc:68:b4:51:df,802.11ac
08:cc:68:b4:5a:1f,802.11ac
08:cc:68:b4:5f:d0,802.11n
08:cc:68:b4:8d:7f,802.11ac
08:cc:68:b5:da:df,802.11ac
08:cc:68:b5:f2:90,802.11n
18:80:90:91:1a:5f,802.11ac
1c:e6:c7:0d:6c:d0,802.11n
1c:e6:c7:3e:da:b0,802.11n
1c:e6:c7:3e:da:b7,802.11ac
1c:e6:c7:3e:db:27,802.11ac
1c:e6:c7:3e:db:2f,802.11n
1c:e6:c7:5b:4a:f0,802.11n
1c:e6:c7:5b:4a:f7,802.11ac
1c:e6:c7:5b:4a:ff,802.11n
1c:e6:c7:f0:1b:d7,802.11ac
58:97:1e:56:4d:27,802.11ac
08:cc:68:b4:58:14,802.11n
08:cc:68:b4:5a:1b,802.11ac
08:cc:68:b4:8d:7b,802.11ac
08:cc:68:b5:48:0b,802.11ac
08:cc:68:b5:da:db,802.11ac
18:80:90:91:1a:5b,802.11ac
1c:e6:c7:0d:6c:d3,802.11ac
1c:e6:c7:3e:da:b3,802.11ac
1c:e6:c7:3e:db:23,802.11ac
1c:e6:c7:5b:4a:f3,802.11ac
1c:e6:c7:5b:4a:f4,802.11n
1c:e6:c7:5b:4a:fb,802.11n
1c:e6:c7:5b:89:3d,802.11n
1c:e6:c7:e0:1f:2b,802.11n
1c:e6:c7:e1:d4:9d,802.11n
e8:48:b8:62:96:ba,802.11ax
e8:48:b8:62:96:bc,802.11ax
d8:38:fc:5f:10:ac,802.11ac
48:d2:4f:19:71:60,802.11ac
d8:38:fc:1f:10:ac,802.11ac
08:cc:68:b4:5a:11,802.11n
08:cc:68:b4:5f:d1,802.11n
08:cc:68:b4:7f:71,802.11n
08:cc:68:b4:9a:5e,802.11ac
08:cc:68:b5:f2:91,802.11n
18:80:90:91:1a:5e,802.11ac
1c:e6:c7:0d:6c:d1,802.11n
1c:e6:c7:0d:6c:d6,802.11ac
1c:e6:c7:3e:da:b1,802.11n
1c:e6:c7:3e:da:b6,802.11ac
1c:e6:c7:3e:db:26,802.11ac
1c:e6:c7:3e:db:2e,802.11n
1c:e6:c7:3e:db:76,802.11ac
1c:e6:c7:5b:4a:f1,802.11n
1c:e6:c7:5b:4a:f6,802.11ac
1c:e6:c7:e0:1f:21,802.11n
1c:e6:c7:e1:d4:9e,802.11n
1c:e6:c7:f0:1b:d6,802.11ac
58:97:1e:56:4d:26,802.11ac
a0:0f:37:4c:e6:80,802.11n
08:cc:68:b4:51:d3,802.11n
08:cc:68:b4:5f:d3,802.11n
08:cc:68:b5:da:dc,802.11ac
08:cc:68:b5:f2:93,802.11n
08:cc:68:b5:f2:9c,802.11ac
08:cc:68:b5:f2:f3,802.11n
18:80:90:91:1a:5c,802.11ac
1c:e6:c7:0d:6c:d4,802.11ac
1c:e6:c7:0d:6c:dc,802.11n
1c:e6:c7:3e:da:b4,802.11ac
1c:e6:c7:3e:db:24,802.11ac
1c:e6:c7:3e:db:2c,802.11n
1c:e6:c7:5b:4a:f3,802.11n
1c:e6:c7:5b:4a:f4,802.11ac
1c:e6:c7:5b:4a:fc,802.11n
70:db:98:66:0e:0c,802.11ac
a0:0f:37:4c:e6:83,802.11n
ea:9e:28:70:b4:5b,802.11ac
08:bf:b8:61:be:24,802.11ax
6a:bf:b8:61:be:25,802.11ax
9c:c9:eb:4d:6e:16,802.11n
9a:a6:7e:50:ca:75,802.11ax
9a:a6:7e:57:21:66,802.11ax
9a:a6:7e:57:21:67,802.11ax
9a:a6:7e:57:2f:d6,802.11ax
de:03:98:c7:06:fc,802.11n
de:03:98:fd:93:07,802.11n
de:03:98:9f:da:e1,802.11n
08:cc:68:b4:8f:cf,802.11ac
08:cc:68:b4:9e:30,802.11n
08:cc:68:b5:96:7f,802.11ac
08:cc:68:b5:c7:e0,802.11n
08:cc:68:b5:f2:9f,802.11ac
1c:e6:c7:0d:6a:17,802.11ac
1c:e6:c7:3e:db:77,802.11ac
1c:e6:c7:e0:1f:20,802.11n
70:db:98:66:0e:0f,802.11ac
a0:0f:37:4c:9f:81,802.11n
d0:72:dc:3b:01:3f,802.11ac
08:cc:68:b4:5f:d4,802.11n
08:cc:68:b4:8f:cb,802.11ac
08:cc:68:b4:9e:34,802.11n
08:cc:68:b5:c7:e4,802.11n
08:cc:68:b5:f2:9b,802.11ac
1c:e6:c7:0d:6a:13,802.11ac
1c:e6:c7:3e:da:b4,802.11n
1c:e6:c7:3e:db:2b,802.11n
1c:e6:c7:3e:db:73,802.11ac
1c:e6:c7:e0:1f:24,802.11n
70:db:98:66:0e:0b,802.11ac
d0:72:dc:3b:01:3b,802.11ac
7e:45:58:21:19:76,802.11n
d4:6e:0e:36:71:28,802.11n
28:74:f5:65:90:e7,802.11ax
28:74:f5:65:90:e8,802.11ax
10:7b:44:c4:22:40,802.11n
84:18:3a:18:5c:29,802.11n
f4:6b:ef:a9:3f:25,802.11n
08:cc:68:b4:54:c1,802.11n
08:cc:68:b4:8d:7e,802.11ac
08:cc:68:b4:8f:ce,802.11ac
08:cc:68:b4:9e:31,802.11n
08:cc:68:b5:c7:e1,802.11n
08:cc:68:b5:c7:ee,802.11ac
08:cc:68:b5:f2:9e,802.11ac
1c:e6:c7:0d:6a:16,802.11ac
70:db:98:66:0e:0e,802.11ac
d0:72:dc:3b:01:3e,802.11ac
08:cc:68:b5:c7:e3,802.11n
1c:e6:c7:0d:6a:14,802.11ac
1c:e6:c7:3e:da:b3,802.11n
1c:e6:c7:3e:db:74,802.11ac
1c:e6:c7:e0:1f:23,802.11n
a0:0f:37:4c:9f:83,802.11n
d0:72:dc:3b:01:3c,802.11ac
94:a6:7e:b2:bf:4b,802.11n
08:cc:68:b4:54:c0,802.11n
08:cc:68:b4:98:ff,802.11ac
08:cc:68:b5:ab:bf,802.11ac
08:cc:68:b5:ef:2f,802.11ac
08:cc:68:b5:f2:ff,802.11ac
08:cc:68:b5:f4:4f,802.11ac
1c:e6:c7:3e:27:e7,802.11ac
1c:e6:c7:3e:27:ef,802.11n
1c:e6:c7:3e:db:20,802.11n
1c:e6:c7:e0:1a:20,802.11n
1c:e6:c7:e0:1a:27,802.11ac
1c:e6:c7:e0:1a:2f,802.11n
1c:e6:c7:e1:d4:90,802.11n
1c:e6:c7:e1:d4:97,802.11ac
1c:e6:c7:e1:d4:9f,802.11n
1c:e6:c7:f0:16:47,802.11ac
24:16:9d:24:05:2f,802.11ac
58:ac:78:a3:ab:30,802.11n
58:ac:78:b0:38:bf,802.11ac
d0:72:dc:3b:01:30,802.11n
d0:72:dc:5c:0e:b0,802.11n
08:cc:68:b4:54:c4,802.11n
08:cc:68:b4:98:fb,802.11ac
08:cc:68:b5:93:bb,802.11ac
08:cc:68:b5:ab:bb,802.11ac
08:cc:68:b5:d7:84,802.11n
08:cc:68:b5:f2:fb,802.11ac
08:cc:68:b5:f3:9b,802.11ac
08:cc:68:b5:f4:4b,802.11ac
1c:d1:e0:56:cc:ec,802.11ac
1c:e6:c7:3e:27:eb,802.11n
1c:e6:c7:3e:db:24,802.11n
1c:e6:c7:3e:db:7b,802.11n
1c:e6:c7:e1:d4:95,802.11ac
1c:e6:c7:f0:16:43,802.11ac
24:16:9d:24:05:2b,802.11ac
58:ac:78:a3:ab:34,802.11n
58:ac:78:a3:ab:3b,802.11ac
84:78:ac:98:4f:1b,802.11n
a0:0f:37:4c:09:e2,802.11n
a0:0f:37:4c:9f:82,802.11n
d0:72:dc:5c:0e:b2,802.11n
00:35:1a:3e:25:61,802.11n
08:cc:68:b4:98:fe,802.11ac
08:cc:68:b5:ab:b1,802.11n
08:cc:68:b5:d7:81,802.11n
08:cc:68:b5:ef:2e,802.11ac
08:cc:68:b5:f2:fe,802.11ac
08:cc:68:b5:f4:4e,802.11ac
1c:d1:e0:56:cc:ee,802.11ac
1c:e6:c7:3e:27:e6,802.11ac
1c:e6:c7:3e:27:ee,802.11n
1c:e6:c7:3e:db:21,802.11n
1c:e6:c7:e0:1a:26,802.11ac
1c:e6:c7:e0:1a:2e,802.11n
1c:e6:c7:e1:d4:96,802.11ac
1c:e6:c7:f0:16:46,802.11ac
1c:e6:c7:f0:20:17,802.11ac
24:16:9d:24:05:2e,802.11ac
58:ac:78:a3:ad:0e,802.11ac
84:78:ac:98:4f:16,802.11ac
d0:72:dc:3b:01:31,802.11n
d0:72:dc:5c:0e:b1,802.11n
d0:72:dc:5c:0e:be,802.11ac
08:cc:68:b4:98:fc,802.11ac
08:cc:68:b4:9e:33,802.11n
08:cc:68:b4:a3:dc,802.11ac
08:cc:68:b4:c2:4c,802.11ac
08:cc:68:b5:d7:83,802.11n
08:cc:68:b5:ef:2c,802.11ac
08:cc:68:b5:f2:fc,802.11ac
08:cc:68:b5:f4:4c,802.11ac
1c:d1:e0:56:cc:ed,802.11ac
1c:e6:c7:0d:98:f4,802.11ac
1c:e6:c7:3e:db:23,802.11n
1c:e6:c7:3e:db:73,802.11n
1c:e6:c7:3e:db:7c,802.11n
1c:e6:c7:e0:1a:24,802.11ac
1c:e6:c7:e1:d4:94,802.11ac
1c:e6:c7:e1:d4:9c,802.11n
1c:e6:c7:f0:16:44,802.11ac
24:16:9d:24:05:2c,802.11ac
d0:72:dc:3b:01:33,802.11n
d0:72:dc:5c:0e:b3,802.11n
d8:38:fc:df:12:cc,802.11ac
08:cc:68:b4:51:d0,802.11n
08:cc:68:b4:5f:5e,802.11ac
08:cc:68:b4:a1:5e,802.11ac
08:cc:68:b4:c3:1e,802.11ac
08:cc:68:b5:9c:30,802.11n
1c:e6:c7:5b:68:0e,802.11n
1c:e6:c7:f0:20:16,802.11ac
44:ad:d9:60:be:d6,802.11ac
08:cc:68:b4:51:d4,802.11n
08:cc:68:b4:5a:14,802.11n
08:cc:68:b4:5f:5d,802.11ac
08:cc:68:b4:8d:74,802.11n
08:cc:68:b4:ac:f4,802.11n
08:cc:68:b4:ba:2d,802.11ac
08:cc:68:b4:c3:1d,802.11ac
1c:e6:c7:f0:20:15,802.11ac
1c:e6:c7:f0:20:1d,802.11n
44:ad:d9:60:be:d5,802.11ac
82:45:58:22:18:b7,802.11ac
d8:38:fc:5f:12:cc,802.11ac
d8:38:fc:1f:12:cc,802.11ac
08:cc:68:b4:51:d1,802.11n
08:cc:68:b4:56:8e,802.11ac
08:cc:68:b4:7d:ee,802.11ac
08:cc:68:b4:8d:71,802.11n
08:cc:68:b4:ba:2f,802.11ac
08:cc:68:b5:48:0e,802.11ac
08:cc:68:b5:da:de,802.11ac
1c:e6:c7:f0:20:1f,802.11n
44:ad:d9:60:be:d7,802.11ac
d0:72:dc:53:63:f0,802.11n
08:cc:68:b4:56:6c,802.11ac
08:cc:68:b4:e3:ac,802.11ac
1c:e6:c7:f0:20:14,802.11ac
44:ad:d9:60:be:d4,802.11ac
58:97:1e:56:4d:24,802.11ac
d0:72:dc:53:63:f3,802.11n
d0:72:dc:53:63:fc,802.11ac
78:45:58:1d:fe:05,802.11n
7e:45:58:22:18:b7,802.11ac
08:cc:68:b4:50:11,802.11n
08:cc:68:b4:50:1e,802.11ac
08:cc:68:b4:55:be,802.11ac
08:cc:68:b4:83:de,802.11ac
08:cc:68:b4:95:5e,802.11ac
1c:e6:c7:0d:72:a1,802.11n
1c:e6:c7:0d:72:a6,802.11ac
1c:e6:c7:5b:5a:5e,802.11n
1c:e6:c7:f0:20:1e,802.11n
1c:e6:c7:f1:ed:d1,802.11n
58:97:1e:56:56:2e,802.11n
70:df:2f:ea:82:ae,802.11ac
84:78:ac:c0:61:36,802.11ac
d4:c9:3c:c1:9e:de,802.11ac
dc:a5:f4:9c:62:d6,802.11ac
08:cc:68:b4:50:12,802.11n
08:cc:68:b4:50:1d,802.11ac
08:cc:68:b4:55:bd,802.11ac
08:cc:68:b4:5f:52,802.11n
08:cc:68:b4:83:dd,802.11ac
1c:e6:c7:0d:72:a5,802.11ac
1c:e6:c7:5b:5a:5d,802.11n
1c:e6:c7:f1:ed:d2,802.11n
70:df:2f:ea:82:ad,802.11ac
84:78:ac:c0:61:35,802.11ac
d4:c9:3c:c1:9e:dd,802.11ac
dc:a5:f4:9c:62:d5,802.11ac
08:cc:68:b4:50:10,802.11n
08:cc:68:b4:50:1f,802.11ac
08:cc:68:b4:55:bf,802.11ac
08:cc:68:b4:a7:6f,802.11ac
1c:e6:c7:0d:72:a7,802.11ac
1c:e6:c7:5b:5a:5f,802.11n
1c:e6:c7:f1:ed:d0,802.11n
84:78:ac:c0:35:20,802.11n
84:78:ac:c0:35:2f,802.11n
84:78:ac:c0:61:37,802.11ac
d4:c9:3c:c1:9e:df,802.11ac
dc:a5:f4:9c:62:d0,802.11n
dc:a5:f4:9c:62:d7,802.11ac
08:cc:68:b4:50:13,802.11n
08:cc:68:b4:50:1c,802.11ac
08:cc:68:b4:55:bc,802.11ac
1c:e6:c7:0d:72:a4,802.11ac
1c:e6:c7:0d:72:ac,802.11n
1c:e6:c7:5b:24:4c,802.11n
1c:e6:c7:5b:5a:5c,802.11n
1c:e6:c7:f1:ed:d3,802.11n
70:df:2f:ea:82:ac,802.11ac
84:78:ac:c0:35:23,802.11n
84:78:ac:c0:61:34,802.11ac
d4:c9:3c:c1:9e:dc,802.11ac
dc:a5:f4:9c:62:d4,802.11ac
0a:9d:f4:27:36:9d,802.11ax
c8:08:73:15:cf:ac,802.11ac
c8:08:73:15:d8:5c,802.11ac
c8:08:73:55:1d:cc,802.11ac
c8:08:73:55:d1:0c,802.11ac
c8:08:73:55:d5:fc,802.11ac
c8:08:73:55:d6:4c,802.11ac
04:62:73:86:8d:de,802.11ac
08:cc:68:b4:53:9e,802.11ac
08:cc:68:b4:6a:41,802.11n
08:cc:68:b4:82:9e,802.11ac
08:cc:68:b4:83:d1,802.11n
08:cc:68:b4:9d:7e,802.11ac
08:cc:68:b4:a7:6e,802.11ac
1c:e6:c7:0d:71:fe,802.11n
1c:e6:c7:5b:94:26,802.11ac
1c:e6:c7:f0:20:11,802.11n
58:ac:78:af:f2:ee,802.11ac
04:62:73:86:8d:dd,802.11ac
08:cc:68:b4:53:9d,802.11ac
08:cc:68:b4:6a:42,802.11n
08:cc:68:b4:82:9d,802.11ac
08:cc:68:b4:9d:7d,802.11ac
08:cc:68:b4:a7:6d,802.11ac
1c:e6:c7:0d:9a:bd,802.11n
1c:e6:c7:0d:9d:7d,802.11n
1c:e6:c7:5b:68:0d,802.11n
1c:e6:c7:5b:94:25,802.11ac
1c:e6:c7:f0:20:12,802.11n
58:97:1e:56:56:2d,802.11n
58:ac:78:af:f2:ed,802.11ac
84:78:ac:c0:5f:6d,802.11n
4e:51:52:54:2e:39,802.11ac
04:62:73:86:8d:d0,802.11n
04:62:73:86:8d:df,802.11ac
08:cc:68:b4:53:9f,802.11ac
08:cc:68:b4:69:3f,802.11ac
08:cc:68:b4:82:9f,802.11ac
08:cc:68:b4:83:df,802.11ac
08:cc:68:b4:91:bf,802.11ac
08:cc:68:b4:9d:7f,802.11ac
1c:e6:c7:0d:9d:7f,802.11n
1c:e6:c7:5b:94:27,802.11ac
1c:e6:c7:f0:20:10,802.11n
58:97:1e:56:56:2f,802.11n
58:ac:78:a3:ab:0f,802.11ac
58:ac:78:af:f2:ef,802.11ac
a8:9d:21:71:ba:be,802.11ac
d4:c9:3c:c1:bc:4f,802.11ac
04:62:73:86:8d:dc,802.11ac
08:cc:68:b4:53:9c,802.11ac
08:cc:68:b4:6a:4c,802.11ac
08:cc:68:b4:9d:7c,802.11ac
1c:e6:c7:0d:71:fc,802.11n
1c:e6:c7:0d:9d:7c,802.11n
1c:e6:c7:5b:68:0c,802.11n
1c:e6:c7:5b:94:2c,802.11n
1c:e6:c7:f0:20:13,802.11n
58:ac:78:af:f2:ec,802.11ac
a8:9d:21:71:ba:bd,802.11ac
34:60:f9:03:cf:43,802.11ax
10:27:f5:82:c4:ac,802.11ax
10:27:f5:82:c4:ae,802.11ax
22:98:4b:b5:e6:43,802.11ac
c8:08:73:15:1e:3c,802.11ac
c8:08:73:15:1e:6c,802.11ac
c8:08:73:15:1e:ac,802.11ac
c8:08:73:55:cf:8c,802.11ac
c8:08:73:55:d7:6c,802.11ac
c8:08:73:55:d7:cc,802.11ac
08:cc:68:b4:69:3e,802.11ac
08:cc:68:b4:90:be,802.11ac
08:cc:68:b4:93:fe,802.11ac
1c:e6:c7:5b:94:2e,802.11n
a8:9d:21:71:b8:be,802.11ac
a8:9d:21:71:ba:b0,802.11n
a8:9d:21:71:ba:bf,802.11ac
b8:11:4b:82:49:4e,802.11ac
08:cc:68:b4:69:ed,802.11ac
08:cc:68:b4:93:fd,802.11ac
a8:9d:21:71:b8:bd,802.11ac
a8:9d:21:71:ba:b3,802.11n
a8:9d:21:71:ba:bc,802.11ac
b8:11:4b:82:49:4d,802.11ac
c8:08:73:15:d5:f8,802.11n
c8:08:73:15:d6:48,802.11n
c8:08:73:15:d7:68,802.11n
c8:08:73:15:d7:c8,802.11n
f8:ab:05:ce:9f:f4,802.11ac
08:cc:68:b4:93:ff,802.11ac
1c:e6:c7:0d:57:1e,802.11n
1c:e6:c7:3e:b4:2f,802.11n
1c:e6:c7:5b:68:0f,802.11n
a8:9d:21:71:b8:b0,802.11n
a8:9d:21:71:b8:bf,802.11ac
a8:9d:21:71:ba:b1,802.11n
b8:11:4b:82:49:4f,802.11ac
a8:9d:21:71:b8:b3,802.11n
a8:9d:21:71:b8:bc,802.11ac
b8:11:4b:82:49:4c,802.11ac
00:26:bb:75:ed:cd,802.11n
00:26:bb:75:ed:ce,802.11n
08:cc:68:b4:52:8f,802.11ac
08:cc:68:b4:57:9f,802.11ac
08:cc:68:b4:60:0f,802.11ac
08:cc:68:b4:87:af,802.11ac
08:cc:68:b4:a3:d0,802.11n
08:cc:68:b4:a8:ff,802.11ac
08:cc:68:b4:b4:6f,802.11ac
08:cc:68:b5:30:90,802.11n
08:cc:68:b5:8c:70,802.11n
08:cc:68:b5:8c:7f,802.11ac
08:cc:68:b5:98:af,802.11ac
08:cc:68:b5:9f:70,802.11n
08:cc:68:b5:a4:8f,802.11ac
08:cc:68:b5:cb:00,802.11n
08:cc:68:b5:cb:0f,802.11ac
08:cc:68:b5:d4:0f,802.11ac
08:cc:68:b5:db:b0,802.11n
08:cc:68:b5:db:bf,802.11ac
08:cc:68:b5:e8:40,802.11n
08:cc:68:b5:f4:c0,802.11n
08:cc:68:b5:f4:cf,802.11ac
08:cc:68:b5:f7:70,802.11n
08:cc:68:b5:fb:10,802.11n
08:cc:68:cc:3d:cf,802.11ac
1c:d1:e0:56:cc:ef,802.11ac
1c:e6:c7:0d:5c:af,802.11n
1c:e6:c7:0d:98:f7,802.11ac
1c:e6:c7:5b:30:67,802.11ac
1c:e6:c7:5b:30:6f,802.11n
1c:e6:c7:f0:16:40,802.11n
1c:e6:c7:f0:16:4f,802.11n
1c:e6:c7:f0:21:37,802.11ac
1c:e6:c7:f0:21:3f,802.11n
84:78:ac:98:48:40,802.11n
b8:11:4b:83:32:20,802.11n
c0:06:c3:55:b4:92,802.11n
c0:06:c3:55:b4:94,802.11ac
08:cc:68:b4:52:8d,802.11ac
08:cc:68:b4:57:9d,802.11ac
08:cc:68:b4:81:8b,802.11ac
08:cc:68:b4:87:ad,802.11ac
08:cc:68:b4:a3:d4,802.11n
08:cc:68:b4:a3:db,802.11ac
08:cc:68:b4:a8:f2,802.11n
08:cc:68:b4:a8:fd,802.11ac
08:cc:68:b4:b4:6d,802.11ac
08:cc:68:b5:31:04,802.11n
08:cc:68:b5:8c:7d,802.11ac
08:cc:68:b5:98:ad,802.11ac
08:cc:68:b5:9f:74,802.11n
08:cc:68:b5:9f:7b,802.11ac
08:cc:68:b5:a4:8b,802.11ac
08:cc:68:b5:cb:0b,802.11ac
08:cc:68:b5:db:b4,802.11n
08:cc:68:b5:e8:44,802.11n
08:cc:68:b5:e8:4b,802.11ac
08:cc:68:b5:f4:cd,802.11ac
08:cc:68:b5:f7:74,802.11n
08:cc:68:b5:fb:1b,802.11ac
1c:e6:c7:0d:5c:ab,802.11n
1c:e6:c7:0d:98:f3,802.11ac
1c:e6:c7:0d:98:f4,802.11n
1c:e6:c7:3e:27:e3,802.11ac
1c:e6:c7:5b:21:6d,802.11n
1c:e6:c7:5b:30:65,802.11ac
1c:e6:c7:e0:1a:2d,802.11n
1c:e6:c7:f0:16:4b,802.11n
1c:e6:c7:f0:21:35,802.11ac
1c:e6:c7:f0:21:3d,802.11n
4c:e1:76:f3:70:44,802.11n
54:78:1a:bf:70:e5,802.11ac
b8:11:4b:83:32:24,802.11n
96:8b:c1:f1:b4:84,802.11n
08:cc:68:b4:52:8e,802.11ac
08:cc:68:b4:57:91,802.11n
08:cc:68:b4:57:9e,802.11ac
08:cc:68:b4:60:0e,802.11ac
08:cc:68:b4:6d:5e,802.11ac
08:cc:68:b4:82:8e,802.11ac
08:cc:68:b4:87:ae,802.11ac
08:cc:68:b4:a3:2e,802.11ac
08:cc:68:b4:a8:f1,802.11n
08:cc:68:b4:a8:fe,802.11ac
08:cc:68:b4:b4:6e,802.11ac
08:cc:68:b5:8c:71,802.11n
08:cc:68:b5:8c:7e,802.11ac
08:cc:68:b5:98:ae,802.11ac
08:cc:68:b5:9f:7e,802.11ac
08:cc:68:b5:cb:01,802.11n
08:cc:68:b5:cb:0e,802.11ac
08:cc:68:b5:d4:0e,802.11ac
08:cc:68:b5:db:b1,802.11n
08:cc:68:b5:db:be,802.11ac
08:cc:68:b5:e8:41,802.11n
08:cc:68:b5:e8:4e,802.11ac
08:cc:68:b5:f4:ce,802.11ac
08:cc:68:b5:f7:7e,802.11ac
08:cc:68:b5:fb:1e,802.11ac
1c:e6:c7:0d:98:f1,802.11n
1c:e6:c7:0d:98:f6,802.11ac
1c:e6:c7:0d:98:fe,802.11n
1c:e6:c7:5b:30:66,802.11ac
1c:e6:c7:5b:30:6e,802.11n
1c:e6:c7:e0:1a:21,802.11n
1c:e6:c7:f0:16:4e,802.11n
1c:e6:c7:f0:21:36,802.11ac
1c:e6:c7:f0:21:3e,802.11n
4c:e1:76:f3:70:4e,802.11ac
54:78:1a:bf:70:e6,802.11ac
58:ac:78:a3:9c:1f,802.11ac
84:78:ac:98:48:41,802.11n
84:78:ac:98:48:4e,802.11n
b8:11:4b:83:32:2e,802.11ac
08:cc:68:b4:52:8c,802.11ac
08:cc:68:b4:57:9c,802.11ac
08:cc:68:b4:60:0c,802.11ac
08:cc:68:b4:77:c3,802.11n
08:cc:68:b4:87:ac,802.11ac
08:cc:68:b4:a8:fc,802.11ac
08:cc:68:b4:b4:6c,802.11ac
08:cc:68:b5:8c:7c,802.11ac
08:cc:68:b5:98:ac,802.11ac
08:cc:68:b5:9f:7c,802.11ac
08:cc:68:b5:cb:0c,802.11ac
08:cc:68:b5:e8:43,802.11n
08:cc:68:b5:e8:4c,802.11ac
08:cc:68:b5:ee:4c,802.11ac
08:cc:68:b5:f4:cc,802.11ac
08:cc:68:b5:fb:13,802.11n
08:cc:68:b5:fb:1c,802.11ac
1c:e6:c7:0d:5c:a3,802.11n
1c:e6:c7:0d:98:f3,802.11n
1c:e6:c7:3e:27:e4,802.11ac
1c:e6:c7:5b:30:64,802.11ac
1c:e6:c7:5b:30:6c,802.11n
1c:e6:c7:e0:01:84,802.11ac
1c:e6:c7:e0:1a:23,802.11n
1c:e6:c7:e0:1a:2c,802.11n
1c:e6:c7:f0:16:4c,802.11n
1c:e6:c7:f0:21:34,802.11ac
1c:e6:c7:f0:21:3c,802.11n
4c:e1:76:f3:70:43,802.11n
54:78:1a:bf:70:e4,802.11ac
58:ac:78:a3:9c:1c,802.11ac
84:78:ac:98:48:43,802.11n
b8:11:4b:83:32:2c,802.11ac
00:31:92:08:6e:3f,802.11n
b0:a7:b9:bf:1f:84,802.11n
b0:a7:b9:bf:1f:86,802.11ac
82:b6:55:85:2d:43,802.11ax
00:ea:bd:e3:b3:5f,802.11ac
00:ea:bd:e3:c0:00,802.11n
00:ea:bd:e3:c1:3f,802.11ac
d0:72:dc:3a:fe:cf,802.11ac
00:ea:bd:e3:c1:3d,802.11ac
08:cc:68:b4:96:dc,802.11ac
08:cc:68:b5:d0:5d,802.11ac
fe:a9:e1:d9:d8:67,802.11ax
00:ea:bd:e3:c1:3e,802.11ac
08:cc:68:b4:93:a5,802.11n
00:ea:bd:e3:c1:3c,802.11ac
08:cc:68:b4:87:53,802.11n
08:cc:68:b4:a7:2c,802.11ac
08:cc:68:b5:f7:3c,802.11ac
bc:26:c7:c7:6e:0c,802.11ac
00:ea:bd:e3:c1:30,802.11n
08:cc:68:b4:7b:e1,802.11n
08:cc:68:b4:7b:ee,802.11ac
08:cc:68:b5:30:9f,802.11ac
a0:0f:37:4c:8c:6f,802.11ac
00:ea:bd:db:d1:e2,802.11n
a0:0f:37:4c:8c:6b,802.11ac
08:cc:68:b4:93:aa,802.11ac
08:cc:68:b4:96:dd,802.11ac
08:cc:68:b4:a7:2e,802.11ac
a0:0f:37:4c:8c:6e,802.11ac
08:cc:68:b4:96:de,802.11ac
08:cc:68:b5:c5:a3,802.11n
40:ce:24:9c:96:0c,802.11ac
70:0f:6a:0c:76:4c,802.11ac
a0:0f:37:4c:8c:6c,802.11ac
50:0f:f5:f1:93:11,802.11n
08:cc:68:b5:d0:5f,802.11ac
08:cc:68:b5:db:9f,802.11ac
08:cc:68:b5:c6:ab,802.11ac
08:cc:68:b5:ed:3b,802.11ac
08:cc:68:b5:f4:6b,802.11ac
08:cc:68:b5:8d:be,802.11ac
08:cc:68:b5:c1:6e,802.11ac
70:70:8b:04:58:ba,802.11ac
08:cc:68:b5:35:cc,802.11ac
54:78:1a:bf:63:dc,802.11n
08:cc:68:b4:97:8e,802.11ac
08:cc:68:b4:b9:4e,802.11ac
08:cc:68:b4:db:10,802.11n
08:cc:68:b5:8d:f1,802.11n
08:cc:68:b5:92:20,802.11n
08:cc:68:b5:92:2f,802.11ac
08:cc:68:b5:f7:b1,802.11n
4c:e1:76:f3:53:60,802.11n
70:70:8b:04:58:b1,802.11n
08:cc:68:b4:8f:d4,802.11n
08:cc:68:b4:db:14,802.11n
08:cc:68:b4:db:1b,802.11ac
08:cc:68:b5:92:2b,802.11ac
a8:9d:21:71:b2:54,802.11n
e4:55:a8:41:d5:72,802.11ax
66:9c:1a:ce:59:d3,802.11ac
08:cc:68:b4:b9:4a,802.11ac
08:cc:68:b4:db:11,802.11n
08:cc:68:b5:91:df,802.11ac
08:cc:68:b5:f7:ba,802.11ac
1c:e6:c7:5b:21:6e,802.11n
4c:e1:76:f3:53:61,802.11n
70:70:8b:04:58:b5,802.11n
08:cc:68:b4:8c:43,802.11n
08:cc:68:b4:8f:d3,802.11n
08:cc:68:b4:9c:bc,802.11ac
08:cc:68:b4:bb:2c,802.11ac
08:cc:68:b5:db:9c,802.11ac
00:25:42:e9:9f:ad,802.11ac
00:2a:10:ff:52:81,802.11n
00:2a:10:ff:52:8e,802.11ac
04:62:73:ae:fd:30,802.11n
08:cc:68:b4:64:01,802.11n
1c:e6:c7:e0:26:4f,802.11n
08:cc:68:b4:8c:44,802.11n
00:2a:10:ff:52:8a,802.11ac
08:cc:68:b4:8c:41,802.11n
08:cc:68:b4:8c:f5,802.11n
08:cc:68:b4:98:5a,802.11ac
08:cc:68:b4:e4:7a,802.11ac
1c:e6:c7:e0:26:1e,802.11n
24:16:9d:23:fd:21,802.11n
58:ac:78:89:ec:10,802.11n
00:25:42:e8:14:49,802.11ac
08:cc:68:b4:b5:8e,802.11ac
08:cc:68:b5:9c:ae,802.11ac
08:cc:68:b4:a1:a4,802.11n
1c:e6:c7:e0:26:b3,802.11ac
58:97:1e:b2:2b:3b,802.11n
e6:55:b8:41:d0:52,802.11ax
72:cb:06:7f:cd:5b,802.11n
08:cc:68:b4:72:ee,802.11ac
08:cc:68:b4:88:7a,802.11ac
08:cc:68:b4:c0:7e,802.11ac
08:cc:68:b4:72:ec,802.11ac
26:e8:53:5b:34:9d,802.11n
08:cc:68:b4:8a:40,802.11n
1c:e6:c7:3e:d8:50,802.11n
1c:e6:c7:5b:8a:a0,802.11n
20:3a:07:e4:c0:40,802.11n
58:ac:78:5e:73:31,802.11n
84:78:ac:98:14:10,802.11n
00:2c:c8:3e:52:84,802.11n
1c:e6:c7:0d:fe:db,802.11n
1c:e6:c7:3e:d8:54,802.11n
20:3a:07:e4:c0:44,802.11n
58:97:1e:56:1e:84,802.11n
f0:d1:a9:15:57:ae,802.11n
d6:35:1d:1b:85:e7,802.11ac
08:cc:68:b5:dd:fe,802.11ac
1c:e6:c7:5b:8a:a1,802.11n
58:97:1e:56:1e:81,802.11n
58:ac:78:5e:73:30,802.11n
84:78:ac:98:14:11,802.11n
08:cc:68:b4:a1:a3,802.11n
08:cc:68:b4:c7:13,802.11n
08:cc:68:b4:db:2c,802.11ac
08:cc:68:b5:7f:b3,802.11n
08:cc:68:b5:d4:13,802.11n
08:cc:68:b5:dd:fc,802.11ac
20:3a:07:e4:c0:43,802.11n
58:ac:78:5e:73:33,802.11n
58:ac:78:5e:90:d3,802.11n
58:ac:78:9b:0d:13,802.11n
84:78:ac:98:14:13,802.11n
d0:72:dc:53:5d:43,802.11n
00:04:56:ae:2b:91,802.11n
08:cc:68:b5:92:a0,802.11n
1c:e6:c7:5b:30:17,802.11ac
1c:e6:c7:5b:32:1f,802.11n
1c:e6:c7:f0:25:4f,802.11n
58:97:1e:56:57:2f,802.11n
84:78:ac:c0:5c:30,802.11n
a0:0f:37:4c:54:4f,802.11ac
a0:0f:37:4c:93:20,802.11n
a0:55:4f:cf:eb:0f,802.11n
08:cc:68:b4:a6:7b,802.11ac
08:cc:68:b4:ae:db,802.11ac
08:cc:68:b5:92:a4,802.11n
1c:e6:c7:5b:2b:cb,802.11n
7c:0e:ce:de:4f:cc,802.11ac
a0:55:4f:cf:eb:03,802.11n
f0:9e:63:1d:d2:ec,802.11n
d0:21:f9:5f:78:4d,802.11n
d2:21:f9:1f:78:4e,802.11ac
5c:b1:3e:91:23:3a,802.11n
bc:30:d9:f4:fe:4b,802.11n
68:dd:b7:13:b7:63,802.11n
54:af:97:5d:b9:25,802.11ax
08:cc:68:b5:92:a1,802.11n
1c:e6:c7:5b:30:1e,802.11n
1c:e6:c7:5b:32:1e,802.11n
a0:55:4f:cf:eb:01,802.11n
a0:55:4f:cf:eb:0e,802.11n
f0:9e:63:1d:d2:ee,802.11n
1c:e6:c7:5b:30:1c,802.11n
84:78:ac:c0:4b:dc,802.11n
a0:0f:37:4c:93:23,802.11n
a0:55:4f:cf:eb:02,802.11n
a0:55:4f:cf:eb:0d,802.11n
68:ff:7b:4d:34:22,802.11n
aa:6b:ad:7a:a6:44,802.11n
08:cc:68:b4:76:71,802.11n
1c:e6:c7:f0:1a:1f,802.11n
84:78:ac:c0:5c:37,802.11ac
f0:9e:63:14:95:60,802.11n
f0:9e:63:1d:f2:a0,802.11n
08:cc:68:b4:ae:d4,802.11n
08:cc:68:b5:8f:f4,802.11n
1c:e6:c7:3e:60:c2,802.11n
f0:9e:63:14:95:63,802.11n
f0:9e:63:1d:f2:a3,802.11n
f0:9e:63:1d:f2:ac,802.11n
00:0f:00:4a:f0:c1,802.11n
08:cc:68:b4:76:70,802.11n
08:cc:68:b4:c1:af,802.11ac
08:cc:68:b5:f2:4e,802.11ac
f0:9e:63:14:95:61,802.11n
f0:9e:63:1d:f2:a1,802.11n
f0:9e:63:1d:f2:ae,802.11n
08:cc:68:b4:76:73,802.11n
08:cc:68:b4:a1:63,802.11n
f0:9e:63:14:95:62,802.11n
f0:9e:63:1d:f2:a2,802.11n
f0:9e:63:1d:f2:ad,802.11n
ea:b7:d0:45:4a:67,802.11n
f0:9e:63:14:95:4f,802.11n
f0:9e:63:1d:bf:00,802.11n
18:e7:28:03:10:ac,802.11n
5c:e1:76:0a:20:e3,802.11n
f0:9e:63:14:95:4c,802.11n
f0:9e:63:1d:ca:c3,802.11n
c2:a5:11:3d:fb:4c,802.11ac
08:cc:68:b4:92:5e,802.11ac
f0:9e:63:14:7b:21,802.11n
f0:9e:63:14:7d:21,802.11n
f0:9e:63:14:95:4e,802.11n
f0:9e:63:1d:ca:c1,802.11n
18:e7:28:03:10:ad,802.11n
f0:9e:63:14:95:4d,802.11n
f0:9e:63:1d:fb:4d,802.11n
26:e8:53:38:0b:61,802.11n
fa:b9:5a:cb:86:b6,802.11n
08:cc:68:b5:e9:0f,802.11ac
f0:9e:63:14:7d:20,802.11n
7e:45:58:21:14:96,802.11n
08:cc:68:b5:e9:0e,802.11ac
08:cc:68:b5:e9:0c,802.11ac
de:03:98:c7:15:cb,802.11n
26:e8:53:37:f1:d6,802.11n
6c:aa:b3:84:55:38,802.11n
1c:e6:c7:3e:db:7e,802.11n
78:45:58:1d:fa:37,802.11n
78:45:58:1d:fb:e8,802.11n
de:03:98:c7:8e:da,802.11n
84:18:3a:98:4e:78,802.11n
6c:aa:b3:c4:55:38,802.11n
08:cc:68:b5:f6:9f,802.11ac
84:18:3a:98:b2:ec,802.11n
84:18:3a:98:c2:1c,802.11n
e2:b5:ea:ae:e4:a2,802.11n
84:18:3a:d8:2f:dc,802.11n
84:18:3a:d8:b2:ec,802.11n
84:18:3a:d8:c2:1c,802.11n
84:18:3a:18:c2:1d,802.11n
c8:99:b2:f9:7f:bd,802.11ax
f0:9e:63:14:a2:ee,802.11n
f0:9e:63:14:a2:ed,802.11n
26:e8:53:37:f1:7e,802.11n
26:e8:53:38:22:71,802.11n
fa:b9:5a:57:83:3b,802.11n
de:03:98:fd:98:da,802.11n
de:03:98:9f:d5:0a,802.11n
de:03:98:9f:d6:86,802.11n
d4:20:b0:2e:ab:25,802.11ax
7e:45:58:1d:ff:f6,802.11n
82:45:58:22:05:d4,802.11ac
82:45:58:22:0c:e6,802.11ac
82:45:58:22:14:96,802.11ac
d4:20:b0:2e:ab:24,802.11ax
fa:9e:38:70:b4:5b,802.11ac
f2:9e:38:70:b4:5b,802.11ac
fe:9e:28:70:b4:5b,802.11ac
fe:9e:38:70:b4:5b,802.11ac
f6:9e:28:70:b8:95,802.11ac
00:0a:99:8b:b0:3e,802.11g
14:eb:b6:1f:a6:4e,802.11n
08:cc:68:b4:92:2c,802.11ac
26:5a:4c:b5:7d:0e,802.11ac
82:45:58:21:14:96,802.11n
86:45:58:22:05:d4,802.11ac
86:45:58:22:14:96,802.11ac
86:45:58:22:19:9e,802.11ac
78:45:58:21:0c:e6,802.11n
7e:45:58:22:05:d4,802.11ac
7e:45:58:22:0a:ca,802.11ac
ea:9e:28:70:b8:95,802.11ac
ea:9e:38:70:b4:5b,802.11ac
f4:92:bf:cd:73:0e,802.11n
d8:38:fc:5f:13:4c,802.11ac
d8:38:fc:cf:4c:ec,802.11ac
d8:38:fc:f4:8f:7c,802.11ac
ae:5c:e5:01:bb:bd,802.11ac
d8:38:fc:1f:13:4c,802.11ac
d8:38:fc:4f:4c:ec,802.11ac
d8:38:fc:5f:10:bc,802.11ac
d8:38:fc:5f:18:88,802.11n
d8:38:fc:74:8f:7c,802.11ac
d8:38:fc:0f:4c:ec,802.11ac
d8:38:fc:1f:18:88,802.11n
d8:38:fc:34:8f:7c,802.11ac
d8:38:fc:9f:13:4c,802.11ac
82:45:58:21:0c:e6,802.11n
d8:38:fc:df:13:0c,802.11ac
de:03:98:c7:9a:41,802.11n
26:e8:53:38:0b:87,802.11n
fa:b9:5a:cb:87:b4,802.11n
de:03:98:9f:e4:20,802.11n
de:03:98:9f:e4:25,802.11n
26:e8:53:37:f0:9d,802.11n
de:03:98:c6:f6:c7,802.11n
ec:ad:e0:20:aa:62,802.11n
d8:38:fc:5f:13:0c,802.11ac
d8:38:fc:74:90:28,802.11n
76:a7:41:18:30:48,802.11n
de:03:98:d5:bb:e6,802.11n
de:03:98:9f:e4:35,802.11n
1c:e6:c7:0d:72:ae,802.11n
1c:e6:c7:3e:60:c1,802.11n
1c:e6:c7:f1:ed:de,802.11n
84:78:ac:c0:35:26,802.11ac
08:cc:68:b4:af:42,802.11n
1c:e6:c7:5b:24:4d,802.11n
1c:e6:c7:f1:ed:dd,802.11n
84:78:ac:c0:35:25,802.11ac
1c:e6:c7:0d:72:af,802.11n
1c:e6:c7:5b:68:00,802.11n
1c:e6:c7:5b:89:30,802.11n
1c:e6:c7:f1:ed:df,802.11n
08:cc:68:b4:83:dc,802.11ac
08:cc:68:b4:a7:6c,802.11ac
08:cc:68:b4:af:43,802.11n
1c:e6:c7:f1:ed:dc,802.11n
84:78:ac:c0:35:24,802.11ac
82:45:58:1d:fe:05,802.11n
9c:c9:eb:4d:6f:ce,802.11ac
be:82:89:7e:29:1c,802.11n
d2:c2:e8:5e:59:a3,802.11ac
08:cc:68:b5:f2:94,802.11n
a0:0f:37:4c:e6:82,802.11n
d0:72:dc:5c:0e:bd,802.11ac
08:cc:68:b4:54:c3,802.11n
82:45:58:21:0a:ca,802.11n
86:45:58:1e:fe:05,802.11ac
7e:45:58:1e:fe:05,802.11ac
94:28:6f:94:c5:a7,802.11ax
08:cc:68:b4:9a:5f,802.11ac
08:cc:68:b5:d7:80,802.11n
08:cc:68:b5:da:d0,802.11n
1c:e6:c7:3e:db:7f,802.11n
58:97:1e:56:4d:2f,802.11n
d0:72:dc:5c:0e:bf,802.11ac
08:cc:68:b5:d7:8b,802.11ac
08:cc:68:b5:da:d4,802.11n
58:97:1e:56:4d:23,802.11ac
58:97:1e:56:4d:2b,802.11n
b4:69:5f:93:42:36,802.11n
32:0a:33:85:a3:e4,802.11n
08:cc:68:b5:d7:8c,802.11ac
08:cc:68:b5:da:d3,802.11n
58:97:1e:56:4d:2c,802.11n
d0:72:dc:5c:0e:bc,802.11ac
7e:45:58:22:14:96,802.11ac
84:78:ac:c0:52:ad,802.11n
f6:9e:38:70:b4:5b,802.11ac
08:cc:68:b5:de:cf,802.11ac
1c:e6:c7:5b:94:2f,802.11n
58:97:1e:56:4d:2e,802.11n
84:78:ac:c0:52:a7,802.11ac
08:cc:68:b4:6f:5c,802.11ac
08:cc:68:b4:ba:2c,802.11ac
08:cc:68:b5:de:cc,802.11ac
84:78:ac:c0:52:a4,802.11ac
08:cc:68:b4:52:b1,802.11n
08:cc:68:b4:52:be,802.11ac
1c:e6:c7:5b:5a:51,802.11n
1c:e6:c7:5b:75:4e,802.11n
44:ad:d9:60:be:d1,802.11n
58:97:1e:b2:34:66,802.11ac
70:df:2f:ea:82:a1,802.11n
84:78:ac:c0:61:3e,802.11n
dc:a5:f4:9c:62:d1,802.11n
08:cc:68:b4:52:bd,802.11ac
1c:e6:c7:0d:72:a2,802.11n
1c:e6:c7:0d:72:ad,802.11n
1c:e6:c7:5b:75:42,802.11n
1c:e6:c7:5b:75:4d,802.11n
1c:e6:c7:5b:94:22,802.11n
1c:e6:c7:5b:94:2d,802.11n
44:ad:d9:60:be:dd,802.11n
58:97:1e:b2:34:65,802.11ac
70:df:2f:ea:82:a2,802.11n
dc:a5:f4:9c:62:dd,802.11n
04:78:63:67:61:ee,802.11n
08:cc:68:b4:52:bf,802.11ac
08:cc:68:b4:55:b0,802.11n
1c:e6:c7:0d:72:a0,802.11n
1c:e6:c7:5b:5a:50,802.11n
1c:e6:c7:5b:75:4f,802.11n
1c:e6:c7:5b:94:20,802.11n
44:ad:d9:60:be:df,802.11n
58:97:1e:b2:34:67,802.11ac
70:df:2f:ea:82:a0,802.11n
d4:c9:3c:c1:9e:d0,802.11n
dc:a5:f4:9c:62:df,802.11n
08:cc:68:b4:52:bc,802.11ac
1c:e6:c7:0d:72:a3,802.11n
1c:e6:c7:5b:94:23,802.11n
1c:e6:c7:5b:94:24,802.11ac
44:ad:d9:60:be:dc,802.11n
50:17:ff:3a:3b:54,802.11ac
84:78:ac:c0:61:3c,802.11n
dc:a5:f4:9c:62:d3,802.11n
3a:6f:45:99:f4:b3,802.11ax
12:e8:a7:06:bb:17,802.11ac
04:62:73:a9:ec:5e,802.11ac
08:cc:68:b4:69:ee,802.11ac
08:cc:68:b4:6a:4e,802.11ac
08:cc:68:b4:82:91,802.11n
08:cc:68:cc:3b:8e,802.11ac
58:97:1e:56:56:21,802.11n
d4:c9:3c:c1:bc:4e,802.11ac
f8:4f:57:e3:c1:de,802.11n
1a:87:3d:00:60:6b,802.11ac
04:62:73:a9:ec:5d,802.11ac
08:cc:68:b4:69:32,802.11n
08:cc:68:b4:69:3d,802.11ac
08:cc:68:b4:90:bd,802.11ac
1c:e6:c7:3e:21:dd,802.11n
1c:e6:c7:3e:61:dd,802.11n
58:97:1e:56:56:22,802.11n
58:ac:78:a3:ab:0d,802.11ac
d4:c9:3c:c1:bc:4d,802.11ac
b4:1c:30:a6:7b:e0,802.11ax
08:cc:68:b4:69:ef,802.11ac
08:cc:68:b4:6a:4f,802.11ac
08:cc:68:b4:80:d0,802.11n
08:cc:68:cc:3b:8f,802.11ac
1c:e6:c7:0d:71:ff,802.11n
1c:e6:c7:3e:5e:5f,802.11n
1c:e6:c7:3e:61:df,802.11n
1c:e6:c7:5b:24:40,802.11n
58:97:1e:56:56:20,802.11n
58:ac:78:a3:ab:00,802.11n
68:86:a7:d7:02:5f,802.11n
08:cc:68:b4:69:3c,802.11ac
08:cc:68:b4:82:9c,802.11ac
08:cc:68:b5:f1:bc,802.11ac
1c:e6:c7:0d:9a:bc,802.11n
58:97:1e:56:56:23,802.11n
58:ac:78:a3:ab:0c,802.11ac
a8:9d:21:85:17:2c,802.11ac
d4:c9:3c:c1:bc:4c,802.11ac
e6:26:b1:02:66:8a,802.11n
1c:e6:c7:3e:b4:2d,802.11n
a8:9d:21:71:b8:b2,802.11n
5a:e8:94:0e:bd:fc,802.11ac
34:e8:94:0e:bd:ff,802.11ac
c8:08:73:15:1d:c8,802.11n
c8:08:73:15:1e:a8,802.11n
08:cc:68:b4:69:e0,802.11n
08:cc:68:b4:90:bf,802.11ac
08:cc:68:b4:69:ec,802.11ac
08:cc:68:b4:90:bc,802.11ac
1c:e6:c7:0d:57:15,802.11ac
1c:e6:c7:3e:b4:2c,802.11n
a8:9d:21:71:ba:b2,802.11n
3c:67:8c:b4:4e:ac,802.11ac
26:e8:53:37:eb:52,802.11n
08:cc:68:b4:52:2f,802.11ac
a8:9d:21:6f:d1:4e,802.11ac
d8:38:fc:79:a2:98,802.11n
78:45:58:21:19:76,802.11n
08:cc:68:b4:57:90,802.11n
08:cc:68:b4:a3:df,802.11ac
08:cc:68:b4:a8:f0,802.11n
08:cc:68:b4:bf:ff,802.11ac
08:cc:68:b5:bd:ff,802.11ac
08:cc:68:b5:e8:4f,802.11ac
08:cc:68:b5:f9:b0,802.11n
08:cc:68:b5:fb:1f,802.11ac
1c:e6:c7:0d:98:f0,802.11n
54:78:1a:bf:63:df,802.11n
54:78:1a:bf:70:e7,802.11ac
58:ac:78:a3:9c:1e,802.11ac
84:78:ac:98:48:4f,802.11n
08:cc:68:b4:57:92,802.11n
08:cc:68:b4:77:c2,802.11n
08:cc:68:b4:77:cd,802.11ac
08:cc:68:b4:bf:fd,802.11ac
08:cc:68:b5:30:9d,802.11ac
08:cc:68:b5:8c:72,802.11n
08:cc:68:b5:cb:04,802.11n
08:cc:68:b5:f4:c2,802.11n
08:cc:68:b5:fb:14,802.11n
1c:e6:c7:5b:30:6d,802.11n
1c:e6:c7:e0:1a:22,802.11n
84:78:ac:98:48:4d,802.11n
6e:0c:60:15:8f:cf,802.11n
08:cc:68:b4:a3:de,802.11ac
08:cc:68:b4:bf:fe,802.11ac
08:cc:68:b5:9f:71,802.11n
08:cc:68:b5:a4:81,802.11n
08:cc:68:b5:ee:41,802.11n
08:cc:68:b5:fb:11,802.11n
1c:e6:c7:3e:17:a6,802.11ac
1c:e6:c7:5b:30:61,802.11n
58:ac:78:a3:9c:10,802.11n
08:cc:68:b4:57:93,802.11n
08:cc:68:b4:a8:f3,802.11n
08:cc:68:b4:bf:fc,802.11ac
08:cc:68:b5:8c:73,802.11n
08:cc:68:b5:bd:fc,802.11ac
08:cc:68:b5:db:b3,802.11n
08:cc:68:b5:f4:c3,802.11n
08:cc:68:b5:f7:7c,802.11ac
84:78:ac:98:48:4c,802.11n
b8:11:4b:83:32:23,802.11n
de:10:b5:be:71:a1,802.11n
00:ea:bd:e3:b3:5d,802.11ac
d0:6d:c9:bd:8d:5b,802.11ac
08:cc:68:b4:98:0a,802.11ac
08:cc:68:b5:35:ce,802.11ac
08:cc:68:b5:d7:b1,802.11n
08:cc:68:b5:f4:6e,802.11ac
00:ea:bd:e3:b9:b3,802.11n
08:cc:68:b5:d7:b3,802.11n
1c:e6:c7:f0:20:23,802.11n
08:cc:68:b4:93:3e,802.11ac
08:cc:68:b4:96:3e,802.11ac
00:b7:71:16:ea:c1,802.11n
08:cc:68:b4:96:3a,802.11ac
08:cc:68:b4:a6:aa,802.11ac
70:0f:6a:0c:76:4e,802.11ac
00:b7:71:16:ea:c3,802.11n
08:cc:68:b4:bb:2f,802.11ac
08:cc:68:b4:bd:9f,802.11ac
08:cc:68:b5:bd:f0,802.11n
08:cc:68:b5:c6:a0,802.11n
08:cc:68:b5:ed:30,802.11n
1c:e6:c7:0d:5c:a0,802.11n
1c:e6:c7:5b:22:07,802.11ac
54:78:1a:bf:63:d7,802.11ac
08:cc:68:b5:8d:bd,802.11ac
08:cc:68:b5:ed:34,802.11n
1c:e6:c7:5b:22:05,802.11ac
54:78:1a:bf:63:d5,802.11ac
08:cc:68:b4:7d:1a,802.11ac
08:cc:68:b4:82:7a,802.11ac
08:cc:68:b5:db:91,802.11n
1c:e6:c7:3e:17:ae,802.11n
1c:e6:c7:5b:22:06,802.11ac
54:78:1a:bf:63:d6,802.11ac
08:cc:68:b4:81:2c,802.11ac
08:cc:68:b4:db:1c,802.11ac
1c:e6:c7:3e:5a:83,802.11n
1c:e6:c7:5b:22:04,802.11ac
54:78:1a:bf:63:d4,802.11ac
1c:bf:ce:d7:f7:da,802.11n
08:cc:68:b5:91:de,802.11ac
08:cc:68:b5:93:7e,802.11ac
d4:35:1d:1b:85:df,802.11n
00:ee:ab:38:99:2c,802.11ac
08:cc:68:b5:91:dc,802.11ac
52:6a:79:9a:10:34,802.11ac
62:e6:f0:6b:f6:6d,802.11ac
08:cc:68:b4:6a:10,802.11n
08:cc:68:b4:e4:71,802.11n
08:cc:68:b5:cc:90,802.11n
1c:e6:c7:e0:26:bf,802.11n
58:ac:78:1e:c7:be,802.11ac
1c:e6:c7:e0:26:44,802.11n
1c:e6:c7:e0:26:bb,802.11n
e4:55:a8:41:d0:52,802.11ax
44:27:f3:2c:96:ea,802.11n
f4:92:bf:57:5c:13,802.11n
9c:30:5b:63:c3:31,802.11ac
08:cc:68:b5:f7:b5,802.11n
58:ac:78:9b:0b:40,802.11n
04:62:73:ae:fd:33,802.11n
62:e6:f0:7b:f6:6d,802.11n
4e:d5:77:b9:41:ad,802.11ac
08:cc:68:b4:92:6e,802.11ac
08:cc:68:b4:b9:7f,802.11ac
08:cc:68:b4:c0:70,802.11n
54:78:1a:bf:77:30,802.11n
84:78:ac:98:4c:e7,802.11ac
08:cc:68:b4:76:2b,802.11ac
08:cc:68:b4:b9:7b,802.11ac
54:78:1a:bf:77:34,802.11n
ec:6c:9a:b9:6c:91,802.11ax
b0:be:76:71:0c:f2,802.11n
54:78:1a:bf:77:31,802.11n
84:78:ac:98:4c:e6,802.11ac
1c:e6:c7:5b:15:33,802.11n
54:78:1a:bf:77:33,802.11n
84:78:ac:98:4c:e4,802.11ac
22:b0:01:8e:5b:45,802.11ac
00:2c:c8:3e:52:8f,802.11ac
00:2c:c8:3e:52:8b,802.11ac
08:cc:68:b4:8a:44,802.11n
1c:e6:c7:f0:1f:cb,802.11n
64:a6:51:b4:52:9e,802.11n
26:57:70:f2:6a:a2,802.11ac
00:2c:c8:3e:52:81,802.11n
00:2c:c8:3e:52:8e,802.11ac
08:cc:68:b5:c2:fe,802.11ac
1c:e6:c7:0d:fe:de,802.11n
1c:e6:c7:3e:d8:51,802.11n
1c:e6:c7:e0:26:be,802.11n
00:2c:c8:3e:52:8c,802.11ac
08:cc:68:b4:77:03,802.11n
08:cc:68:b5:c2:fc,802.11ac
1c:e6:c7:e0:26:bc,802.11n
00:25:42:e6:62:b6,802.11n
c2:82:35:be:bb:c6,802.11ac
08:cc:68:b4:a1:9f,802.11ac
08:cc:68:b5:d0:ef,802.11ac
08:cc:68:b5:f3:5e,802.11ac
1c:e6:c7:5b:2b:cf,802.11n
f0:9e:63:14:78:ef,802.11n
08:cc:68:b4:a1:9b,802.11ac
08:cc:68:b5:92:ab,802.11ac
08:cc:68:b5:d0:eb,802.11ac
1c:e6:c7:0d:57:43,802.11ac
1c:e6:c7:0d:57:4b,802.11n
1c:e6:c7:5b:15:33,802.11ac
1c:e6:c7:5b:30:13,802.11ac
1c:e6:c7:5b:32:1b,802.11n
84:78:ac:c0:5c:34,802.11n
a0:55:4f:cf:eb:0c,802.11n
f0:9e:63:14:8f:83,802.11n
d2:21:f9:1f:82:7a,802.11ac
08:cc:68:b5:92:ae,802.11ac
08:cc:68:b5:d3:2e,802.11ac
08:cc:68:b5:f3:5f,802.11ac
18:e7:28:03:09:c1,802.11n
1c:e6:c7:0d:57:46,802.11ac
1c:e6:c7:5b:15:36,802.11ac
f0:9e:63:14:78:ee,802.11n
f0:9e:63:14:8f:81,802.11n
08:cc:68:b5:d0:ec,802.11ac
08:cc:68:b5:f3:5c,802.11ac
18:e7:28:03:09:c2,802.11n
1c:e6:c7:0d:57:44,802.11ac
1c:e6:c7:0d:57:4c,802.11n
1c:e6:c7:5b:15:34,802.11ac
1c:e6:c7:5b:30:14,802.11ac
7c:0e:ce:de:4f:cd,802.11ac
f0:9e:63:14:95:6d,802.11n
f0:9e:63:1d:d2:ed,802.11n
58:97:1e:56:43:36,802.11ac
58:97:1e:56:4c:77,802.11ac
f0:9e:63:14:94:6f,802.11n
f0:9e:63:14:a1:0f,802.11n
f0:9e:63:1d:f2:af,802.11n
2e:f4:dd:22:87:94,802.11ax
08:cc:68:b4:a1:6b,802.11ac
d0:c7:89:67:82:bb,802.11n
f0:9e:63:14:94:6c,802.11n
58:97:1e:56:4c:76,802.11ac
58:ac:78:5e:75:2f,802.11ac
58:ac:78:5e:90:d0,802.11n
7c:0e:ce:de:4f:ce,802.11ac
f0:9e:63:14:7a:ce,802.11n
f0:9e:63:14:89:e1,802.11n
f0:9e:63:14:94:6e,802.11n
08:cc:68:b4:dc:1c,802.11ac
58:97:1e:56:43:34,802.11ac
58:97:1e:56:4c:7c,802.11n
f0:9e:63:14:94:6d,802.11n
08:cc:68:b5:8f:f0,802.11n
f0:9e:63:14:67:4f,802.11n
f0:9e:63:14:8e:ef,802.11n
f0:9e:63:1d:ca:c0,802.11n
f0:9e:63:14:67:4c,802.11n
f0:9e:63:14:7b:2c,802.11n
f0:9e:63:14:ad:23,802.11n
08:cc:68:b5:8f:f1,802.11n
f0:9e:63:14:67:4e,802.11n
f0:9e:63:14:7b:2e,802.11n
f0:9e:63:1d:bf:01,802.11n
08:cc:68:b4:ac:f3,802.11n
5c:e1:76:0a:21:22,802.11n
f0:9e:63:14:67:4d,802.11n
f0:9e:63:14:7b:2d,802.11n
b8:27:eb:bc:aa:c0,802.11n
e6:46:9a:3d:68:94,802.11g
26:e8:53:37:eb:52,802.11n
de:03:98:c6:f7:63,802.11n
08:cc:68:b4:75:1f,802.11ac
f0:9e:63:14:94:40,802.11n
f0:9e:63:1d:f1:40,802.11n
f0:9e:63:1d:f2:cf,802.11n
f0:9e:63:1d:f1:43,802.11n
f0:9e:63:1d:f2:c3,802.11n
5c:a6:e6:46:ff:53,802.11ax
84:18:3a:d8:5f:18,802.11n
f0:9e:63:1d:f1:41,802.11n
f0:9e:63:1d:f2:c1,802.11n
f0:9e:63:1d:f2:c2,802.11n
08:36:c9:20:9a:d9,802.11ac
 0x426564726f6f6d20737065616b65722e6f2c},802.(null)
f0:9e:63:1d:ca:20,802.11n
f0:9e:63:1d:f1:4c,802.11n
a6:f6:03:a5:6e:f3,802.11ax
84:18:3a:18:04:19,802.11n
f0:9e:63:1d:ca:21,802.11n
08:cc:68:b5:f6:9c,802.11ac
de:03:98:6c:f9:73,802.11n
7e:45:58:1d:ea:02,802.11n
08:cc:68:b4:52:2e,802.11ac
08:cc:68:b4:92:2e,802.11ac
82:45:58:21:05:35,802.11n
82:45:58:21:14:9a,802.11n
d4:20:b0:2e:ac:75,802.11ax
de:1b:a1:04:d1:7f,802.11ax
42:7f:a8:4f:a3:91,802.11ac
7e:45:58:21:0c:e6,802.11n
7e:45:58:21:19:d9,802.11n
82:45:58:22:0a:ca,802.11ac
82:45:58:22:14:9a,802.11ac
82:45:58:22:19:d9,802.11ac
fe:92:bf:ce:73:82,802.11ac
d4:20:b0:2e:ac:74,802.11ax
86:45:58:22:0c:e6,802.11ac
86:45:58:22:19:d9,802.11ac
78:45:58:21:14:96,802.11n
7e:45:58:22:0c:e6,802.11ac
d8:47:32:79:26:bc,802.11n
d8:33:b7:e3:29:97,802.11ax
fa:92:bf:ce:73:82,802.11ac
1c:61:b4:d7:10:70,802.11ax
d8:38:fc:df:17:fc,802.11ac
aa:97:0f:0c:ea:4a,802.11ax
7e:45:58:21:0a:ca,802.11n
d8:38:fc:5f:17:fc,802.11ac
d8:38:fc:1f:17:fc,802.11ac
d8:38:fc:34:24:1c,802.11ac
14:eb:b6:d8:ab:e8,802.11ax
d8:38:fc:df:18:3c,802.11ac
26:e8:53:38:22:34,802.11n
fa:b9:5a:57:83:95,802.11n
d8:38:fc:4f:21:e8,802.11n
d8:38:fc:5f:12:c8,802.11n
d8:38:fc:5f:13:28,802.11n
d8:38:fc:5f:18:3c,802.11ac
f8:9e:28:70:b4:5b,802.11ac
d8:38:fc:0f:21:e8,802.11n
d8:38:fc:1f:12:c8,802.11n
d8:38:fc:1f:18:3c,802.11ac
d8:38:fc:34:90:4c,802.11ac
cc:40:d0:80:80:bb,802.11ac
42:c7:be:cb:a4:6d,802.11ax
f0:51:36:11:87:b6,802.11n
08:cc:68:b4:c3:1f,802.11ac
08:cc:68:b4:c3:1c,802.11ac
84:78:ac:c0:35:2c,802.11n
e2:6b:3f:fa:92:23,802.11ax
1c:e6:c7:5b:3e:bc,802.11n
1c:e6:c7:5b:3e:b6,802.11ac
1c:e6:c7:0d:6a:1e,802.11n
86:69:93:db:12:b8,802.11n
08:cc:68:b5:ab:bc,802.11ac
08:cc:68:b4:c2:4e,802.11ac
08:cc:68:b5:ab:be,802.11ac
08:cc:68:b5:d7:8e,802.11ac
08:cc:68:b5:ef:21,802.11n
1c:e6:c7:3e:db:74,802.11n
d0:72:dc:3b:01:34,802.11n
d8:f3:bc:54:85:73,802.11ac
08:cc:68:b5:d7:8f,802.11ac
08:cc:68:b5:93:be,802.11ac
08:cc:68:b5:bb:ee,802.11ac
1c:e6:c7:3e:d4:f6,802.11ac
28:74:f5:77:81:3f,802.11ax
5c:a6:e6:46:ff:55,802.11ax
08:cc:68:b4:80:4f,802.11ac
08:cc:68:b4:ba:2e,802.11ac
dc:a5:f4:9c:62:de,802.11n
84:78:ac:c0:61:3d,802.11n
1c:e6:c7:5b:75:4c,802.11n
1c:e6:c7:3e:5e:5e,802.11n
08:cc:68:cc:3b:82,802.11n
1c:e6:c7:0d:71:fd,802.11n
c6:7a:4c:9e:33:b5,802.11ax
04:62:73:a9:ec:5f,802.11ac
08:cc:68:b4:82:90,802.11n
08:cc:68:b4:93:fc,802.11ac
2a:38:5c:b2:08:54,802.11ac
c8:08:73:15:1e:38,802.11n
c8:08:73:15:1e:68,802.11n
c8:08:73:15:cf:a8,802.11n
1c:d1:e0:56:cc:e0,802.11n
1c:e6:c7:0d:98:ff,802.11n
1c:e6:c7:e0:01:87,802.11ac
58:ac:78:b0:31:3e,802.11ac
08:cc:68:b4:6d:5b,802.11ac
08:cc:68:b5:d4:0d,802.11ac
08:cc:68:b5:db:bb,802.11ac
1c:e6:c7:e0:01:85,802.11ac
4c:e1:76:f3:70:4b,802.11ac
84:78:ac:98:48:42,802.11n
b8:11:4b:83:32:2b,802.11ac
ba:e2:79:73:21:a8,802.11ax
00:b7:71:16:e9:9e,802.11ac
08:cc:68:b4:a1:5f,802.11ac
08:cc:68:b4:b3:3f,802.11ac
08:cc:68:b5:f4:c1,802.11n
08:cc:68:b5:f9:b1,802.11n
1c:e6:c7:e0:01:86,802.11ac
58:ac:78:b0:31:3f,802.11ac
08:cc:68:b4:6d:5c,802.11ac
08:cc:68:b5:db:bc,802.11ac
08:cc:68:b5:f9:b3,802.11n
1c:e6:c7:e0:01:8c,802.11n
58:ac:78:92:ed:dc,802.11ac
58:ac:78:b0:31:3c,802.11ac
8e:a2:21:65:49:7f,802.11ac
00:ea:bd:e3:b9:b0,802.11n
08:cc:68:b4:89:01,802.11n
08:cc:68:b4:96:df,802.11ac
08:cc:68:b5:c5:af,802.11ac
1c:e6:c7:f0:20:2f,802.11n
54:78:1a:bf:a6:ef,802.11n
1c:e6:c7:f0:20:2d,802.11n
54:78:1a:bf:a6:e5,802.11ac
54:78:1a:bf:a6:ed,802.11n
72:e9:e8:34:fc:1c,802.11ac
76:b4:64:99:51:08,802.11n
9e:a6:7e:74:fb:f4,802.11ax
00:0a:99:8b:c8:85,802.11g
00:ea:bd:e3:b2:a1,802.11n
08:cc:68:b5:c5:ae,802.11ac
54:78:1a:bf:7e:21,802.11n
1c:e6:c7:f0:20:2c,802.11n
54:78:1a:bf:a6:e4,802.11ac
08:cc:68:b4:9e:ae,802.11ac
e6:bd:98:6d:64:91,802.11n
08:cc:68:b4:9e:aa,802.11ac
66:3d:92:3a:9e:8f,802.11ax
1c:e6:c7:f0:1a:07,802.11ac
1c:e6:c7:f0:1a:03,802.11ac
2e:82:c6:d3:46:32,802.11ax
1c:e6:c7:f0:1a:04,802.11ac
08:cc:68:b4:84:9e,802.11ac
0c:7b:c8:e9:84:2e,802.11ax
36:c1:18:21:11:bf,802.11n
00:0a:99:89:32:d9,802.11g
58:ac:78:3e:cb:7f,802.11ac
00:2a:10:ff:f0:41,802.11n
08:cc:68:b4:72:ef,802.11ac
08:cc:68:b5:45:71,802.11n
08:cc:68:b5:82:2e,802.11ac
08:cc:68:b5:eb:31,802.11n
84:78:ac:98:4c:ef,802.11n
84:78:ac:98:4c:eb,802.11n
00:2a:10:ff:56:05,802.11n
08:cc:68:b4:68:e1,802.11n
08:cc:68:b4:76:2e,802.11ac
08:cc:68:b4:7f:f5,802.11n
08:cc:68:b5:90:0a,802.11ac
08:cc:68:b5:d8:d5,802.11n
08:cc:68:b5:f5:75,802.11n
84:3d:c6:08:0c:7a,802.11ac
08:cc:68:b4:5a:f3,802.11n
08:cc:68:b4:76:2c,802.11ac
b8:11:4b:81:9c:83,802.11n
08:cc:68:b5:d4:1f,802.11ac
58:ac:78:1e:c7:b1,802.11n
08:cc:68:b4:8a:4e,802.11ac
d0:c7:89:67:82:b1,802.11n
08:cc:68:b4:b3:8c,802.11ac
08:cc:68:b5:d4:1c,802.11ac
84:78:ac:98:14:1c,802.11n
00:04:56:ad:af:71,802.11ac
00:04:56:ad:eb:a1,802.11ac
00:04:56:ad:eb:a0,802.11ac
08:cc:68:b4:60:df,802.11ac
08:cc:68:b4:a1:90,802.11n
08:cc:68:b5:d3:2f,802.11ac
1c:e6:c7:0d:57:47,802.11ac
a0:0f:37:4c:54:40,802.11n
f0:9e:63:14:78:e0,802.11n
f0:9e:63:14:a0:e0,802.11n
e0:75:26:0e:11:bf,802.11n
08:cc:68:b4:60:db,802.11ac
08:cc:68:b4:c0:7b,802.11ac
08:cc:68:b5:d3:2b,802.11ac
a0:0f:37:4c:54:44,802.11n
f0:9e:63:14:a0:e3,802.11n
14:59:c0:4d:c3:0b,802.11ac
08:cc:68:b4:60:de,802.11ac
08:cc:68:b5:d0:ee,802.11ac
a0:0f:37:4c:54:41,802.11n
f0:9e:63:14:78:e1,802.11n
f0:9e:63:14:a0:e1,802.11n
08:cc:68:b4:60:dc,802.11ac
08:cc:68:b5:d3:2c,802.11ac
f0:9e:63:14:78:e2,802.11n
f0:9e:63:14:a0:e2,802.11n
04:f9:f8:2a:4f:81,802.11ax
08:cc:68:b4:dc:1e,802.11ac
58:97:1e:56:4c:7f,802.11n
20:3a:07:e4:c0:4b,802.11n
58:97:1e:56:4c:73,802.11ac
58:97:1e:56:4c:7b,802.11n
08:cc:68:b4:a1:6e,802.11ac
58:97:1e:56:4c:7e,802.11n
58:ac:78:65:a7:6f,802.11ac
d0:c7:89:67:82:be,802.11n
58:97:1e:56:4c:74,802.11ac
58:ac:78:5e:75:2c,802.11ac
58:ac:78:65:a7:6c,802.11ac
d0:c7:89:67:82:bc,802.11n
08:cc:68:b4:ae:d0,802.11n
62:be:e3:d2:5a:62,802.11ac
26:e8:53:37:f0:68,802.11n
d0:72:dc:53:60:8e,802.11ac
f0:9e:63:1c:dd:6f,802.11n
f0:9e:63:1d:ff:00,802.11n
f0:9e:63:14:8a:4c,802.11n
6c:aa:b3:04:55:39,802.11n
84:18:3a:18:5f:19,802.11n
f0:9e:63:14:8a:4e,802.11n
f0:9e:63:1c:dd:6e,802.11n
f0:9e:63:1d:ff:01,802.11n
f0:9e:63:14:8a:4d,802.11n
f0:9e:63:1c:dd:6d,802.11n
f0:9e:63:1d:f9:0d,802.11n
08:cc:68:b4:5a:10,802.11n
f0:9e:63:14:76:a0,802.11n
f0:9e:63:14:8a:40,802.11n
84:18:3a:d8:4e:78,802.11n
08:cc:68:b5:9c:31,802.11n
f0:9e:63:14:89:61,802.11n
f0:9e:63:14:8a:41,802.11n
08:cc:68:b5:9c:33,802.11n
f0:9e:63:14:89:62,802.11n
7e:45:58:21:1a:c7,802.11n
82:45:58:21:1a:c7,802.11n
78:45:58:21:1a:c7,802.11n
fa:b9:5a:cb:ae:f9,802.11n
30:87:d9:a1:f8:2c,802.11ac
82:45:58:1e:fe:05,802.11ac
1c:61:b4:d7:10:6e,802.11n
3e:78:c0:81:74:83,802.11n
d8:38:fc:4b:22:e8,802.11n
d8:38:fc:0b:22:e8,802.11n
d8:38:fc:f4:8f:dc,802.11ac
de:03:98:9f:d6:ce,802.11n
de:03:98:9f:db:16,802.11n
de:03:98:9f:e4:28,802.11n
1c:e6:c7:5b:31:6c,802.11n
58:97:1e:56:45:6c,802.11n
d8:38:fc:74:8f:dc,802.11ac
d8:38:fc:34:8f:dc,802.11ac
26:e8:53:38:0b:d4,802.11n
42:13:ac:c1:5c:2f,802.11ac
b2:91:50:8a:b6:09,802.11ax
b4:1c:30:be:92:4a,802.11n
26:a8:76:3d:04:eb,802.11ax
88:25:93:95:55:3f,802.11n
08:cc:68:b4:c2:40,802.11n
08:cc:68:b4:9a:51,802.11n
00:35:1a:3e:25:63,802.11n
08:cc:68:b4:7d:ec,802.11ac
00:1f:33:c8:95:2e,802.11n
b6:5b:c8:75:88:0a,802.11ax
08:cc:68:b5:8c:8e,802.11ac
a8:9d:21:6f:d1:4c,802.11ac
84:78:ac:c0:35:2e,802.11n
08:cc:68:b5:ed:af,802.11ac
84:78:ac:c0:52:af,802.11n
04:62:73:a9:ec:51,802.11n
1c:e6:c7:0d:57:1f,802.11n
1c:e6:c7:0d:9a:be,802.11n
1c:e6:c7:3e:21:de,802.11n
58:ac:78:a3:ab:01,802.11n
58:ac:78:a3:ab:0e,802.11ac
46:8a:e9:1a:71:af,802.11n
da:23:41:53:24:43,802.11ac
08:cc:68:b4:6a:4d,802.11ac
08:cc:68:b4:9d:72,802.11n
08:cc:68:cc:3b:8d,802.11ac
1c:e6:c7:3e:5e:5d,802.11n
58:ac:78:b0:08:8d,802.11ac
68:86:a7:d7:02:5d,802.11n
08:cc:68:b4:83:d0,802.11n
1c:e6:c7:0d:9a:bf,802.11n
1c:e6:c7:3e:21:df,802.11n
58:ac:78:af:fb:5f,802.11ac
58:ac:78:b0:08:8f,802.11ac
04:62:73:a9:ec:5c,802.11ac
08:cc:68:b4:82:93,802.11n
08:cc:68:b4:9d:73,802.11n
08:cc:68:cc:3b:8c,802.11ac
1c:e6:c7:3e:21:dc,802.11n
1c:e6:c7:3e:5e:5c,802.11n
c8:08:73:15:cf:88,802.11n
08:cc:68:cc:3b:83,802.11n
b8:11:4b:82:49:43,802.11n
b0:a7:b9:50:1e:60,802.11ax
08:cc:68:b4:52:80,802.11n
08:cc:68:b5:ee:40,802.11n
1c:e6:c7:3e:17:a7,802.11ac
1c:e6:c7:f0:21:30,802.11n
4c:e1:76:f3:70:4f,802.11ac
58:97:1e:56:4c:37,802.11ac
58:ac:78:92:ed:d1,802.11n
58:ac:78:92:ed:de,802.11ac
b8:11:4b:83:32:2f,802.11ac
08:cc:68:b4:52:82,802.11n
08:cc:68:b4:95:3b,802.11ac
08:cc:68:b5:d3:5b,802.11ac
1c:d1:e0:56:cc:e3,802.11n
1c:e6:c7:0d:6e:db,802.11n
1c:e6:c7:0d:98:fb,802.11n
1c:e6:c7:3e:17:a5,802.11ac
1c:e6:c7:f0:21:32,802.11n
58:97:1e:56:4c:35,802.11ac
e4:aa:ea:5d:da:2b,802.11ac
e2:c8:e9:30:e9:19,802.11ax
08:cc:68:b5:a4:8e,802.11ac
08:cc:68:b5:cb:6e,802.11ac
1c:d1:e0:56:cc:e1,802.11n
1c:e6:c7:f0:21:31,802.11n
54:78:1a:bf:63:de,802.11n
58:97:1e:56:4c:36,802.11ac
58:ac:78:92:ed:d0,802.11n
58:ac:78:92:ed:df,802.11ac
08:cc:68:b5:d4:0c,802.11ac
08:cc:68:b5:ed:6c,802.11ac
1c:e6:c7:3e:17:a4,802.11ac
1c:e6:c7:f0:21:33,802.11n
54:78:1a:bf:62:4c,802.11n
58:97:1e:56:4c:34,802.11ac
58:ac:78:92:ed:d3,802.11n
00:ea:bd:e3:b7:ff,802.11ac
1c:e6:c7:f0:20:20,802.11n
54:78:1a:bf:7e:20,802.11n
d4:c9:3c:c1:aa:2f,802.11ac
00:ea:bd:e3:b7:fd,802.11ac
00:ea:bd:e3:c0:02,802.11n
08:cc:68:b4:a7:2b,802.11ac
08:cc:68:b5:c5:a4,802.11n
1c:e6:c7:5b:93:0d,802.11n
1c:e6:c7:f0:20:22,802.11n
54:78:1a:bf:6a:bb,802.11n
54:78:1a:bf:7e:22,802.11n
9c:3d:cf:43:1a:09,802.11n
00:ea:bd:e3:b7:fe,802.11ac
00:ea:bd:e3:be:1e,802.11ac
54:78:1a:bf:6a:be,802.11n
00:ea:bd:e3:b7:fc,802.11ac
1c:d1:e0:56:77:81,802.11n
1c:e6:c7:5b:93:03,802.11n
1c:e6:c7:f0:20:24,802.11ac
d4:c9:3c:c1:aa:2c,802.11ac
00:b7:71:16:ea:c0,802.11n
08:cc:68:b4:93:a1,802.11n
08:cc:68:b4:a7:2f,802.11ac
08:cc:68:b5:35:cf,802.11ac
08:cc:68:b5:bd:fd,802.11ac
08:cc:68:b5:f7:32,802.11n
a0:0f:37:4c:cf:4b,802.11ac
00:ea:bd:db:d1:e1,802.11n
08:cc:68:b4:7b:e5,802.11n
08:cc:68:b5:9a:1e,802.11ac
a0:0f:37:4c:ce:a1,802.11n
d4:c9:3c:9c:09:0e,802.11ac
50:0f:f5:f1:93:15,802.11ac
00:ea:bd:db:ce:bf,802.11ac
08:cc:68:b5:c6:af,802.11ac
1c:e6:c7:5b:22:0f,802.11n
54:78:1a:bf:63:d0,802.11n
00:ea:bd:db:ce:bd,802.11ac
08:cc:68:b5:35:cb,802.11ac
00:ea:bd:db:ce:bc,802.11ac
4e:25:af:5f:08:85,802.11ax
de:54:19:ae:0f:23,802.11ac
08:cc:68:b5:8d:fa,802.11ac
08:cc:68:b5:e1:ba,802.11ac
6e:7b:fb:e5:fa:73,802.11ac
58:97:1e:b2:2b:3f,802.11n
08:cc:68:b4:c0:74,802.11n
08:cc:68:b4:7f:fa,802.11ac
58:ac:78:47:6b:df,802.11ac
84:78:ac:c0:1f:51,802.11n
08:cc:68:b4:c0:73,802.11n
08:cc:68:b4:a1:6f,802.11ac
08:cc:68:b4:c7:1f,802.11ac
58:ac:78:89:d4:b1,802.11n
08:cc:68:b4:c7:1b,802.11ac
58:97:1e:56:1e:8b,802.11n
84:78:ac:98:14:14,802.11n
08:cc:68:b4:76:7f,802.11ac
08:cc:68:b4:88:51,802.11n
58:ac:78:47:56:7f,802.11ac
58:ac:78:9b:0b:4f,802.11ac
58:ac:78:9b:0d:10,802.11n
08:cc:68:b4:76:7c,802.11ac
1c:e6:c7:0d:fe:d3,802.11n
1c:e6:c7:0d:fe:dc,802.11n
58:ac:78:a3:a1:93,802.11n
00:25:42:e4:3d:c4,802.11ac
08:cc:68:b4:bd:df,802.11ac
1c:e6:c7:5b:32:10,802.11n
f0:9e:63:14:8f:80,802.11n
3c:6a:48:ee:43:11,802.11ax
08:cc:68:b4:c4:81,802.11n
1c:e6:c7:0d:57:4e,802.11n
58:97:1e:56:57:2e,802.11n
84:78:ac:c0:4b:de,802.11n
84:78:ac:c0:5c:31,802.11n
1c:e6:c7:5b:32:13,802.11n
f0:9e:63:14:8f:82,802.11n
00:25:42:e7:4f:fd,802.11n
d4:c9:3c:b6:5e:ee,802.11ac
f0:9e:63:14:94:63,802.11n
60:35:73:51:3a:1a,802.11n
d4:c9:3c:b6:5e:ef,802.11ac
58:97:1e:56:4c:73,802.11n
d4:c9:3c:b6:5e:ec,802.11ac
f0:9e:63:14:94:62,802.11n
de:03:98:9f:e4:34,802.11n
5c:e1:76:0a:15:40,802.11n
f0:9e:63:14:94:60,802.11n
5c:e1:76:0a:15:43,802.11n
f6:11:f4:cc:59:44,802.11ac
5c:e1:76:0a:15:41,802.11n
f0:9e:63:14:94:61,802.11n
f0:9e:63:14:ad:21,802.11n
5c:e1:76:0a:15:42,802.11n
5c:e1:76:0a:20:e2,802.11n
d8:07:b6:29:4f:2a,802.11ac
f0:9e:63:14:94:41,802.11n
84:18:3a:d8:4e:7c,802.11n
de:03:98:9f:d6:87,802.11n
84:18:3a:98:5f:18,802.11n
7e:45:58:21:15:da,802.11n
d8:38:fc:f9:a2:98,802.11n
82:45:58:1d:ea:02,802.11n
82:45:58:21:15:da,802.11n
de:03:98:c7:06:bb,802.11n
26:e8:53:38:0a:de,802.11n
fa:92:bf:cd:73:0e,802.11n
fa:92:bf:cd:73:82,802.11n
30:87:d9:21:f8:2d,802.11ac
82:45:58:21:19:d9,802.11n
78:45:58:21:19:d9,802.11n
7e:45:58:22:19:d9,802.11ac
f4:92:bf:cd:6f:00,802.11n
d8:38:fc:f4:24:1c,802.11ac
d8:38:fc:5f:10:a8,802.11n
d8:38:fc:74:24:1c,802.11ac
de:03:98:9f:e4:29,802.11n
26:e8:53:38:0b:a3,802.11n
de:03:98:c7:15:ee,802.11n
fa:b9:5a:3e:76:2d,802.11n
de:03:98:c7:91:ea,802.11n
de:03:98:c7:92:a2,802.11n
de:03:98:c6:f6:bc,802.11n
de:03:98:c6:f7:17,802.11n
08:cc:68:b5:f4:20,802.11n
62:e8:94:0e:bd:fe,802.11n
d8:38:fc:5f:18:98,802.11n
d8:38:fc:1f:18:98,802.11n
86:45:58:22:0a:ca,802.11ac
9c:c9:eb:4d:6f:cc,802.11n
08:cc:68:b5:c7:df,802.11ac
08:cc:68:b5:c7:db,802.11ac
1c:61:b4:c2:ff:ee,802.11ax
08:cc:68:b5:96:7b,802.11ac
08:cc:68:b4:75:1e,802.11ac
08:cc:68:b5:96:0e,802.11ac
08:cc:68:b4:8f:cc,802.11ac
08:cc:68:b5:96:0c,802.11ac
28:24:ff:4d:14:3f,802.11n
00:35:1a:3e:25:60,802.11n
08:cc:68:b4:c2:4f,802.11ac
08:cc:68:b5:bb:ef,802.11ac
08:cc:68:b5:f2:f0,802.11n
58:ac:78:a3:ab:3f,802.11ac
84:78:ac:98:4f:1f,802.11n
a0:0f:37:4c:7f:6e,802.11ac
6a:c7:5a:33:1d:0c,802.11ax
08:cc:68:b4:b8:cb,802.11ac
08:cc:68:b4:c2:4b,802.11ac
08:cc:68:b5:ab:b4,802.11n
08:cc:68:b5:bb:eb,802.11ac
08:cc:68:b5:ef:2b,802.11ac
08:cc:68:b5:f2:f4,802.11n
00:35:1a:3e:25:6e,802.11ac
08:cc:68:b5:c7:de,802.11ac
08:cc:68:b5:d6:01,802.11n
08:cc:68:b5:d6:0e,802.11ac
08:cc:68:b5:f2:f1,802.11n
1c:e6:c7:3e:db:71,802.11n
58:ac:78:a3:ab:3e,802.11ac
a0:0f:37:4c:7f:6f,802.11ac
08:cc:68:b4:9a:5c,802.11ac
08:cc:68:b4:a0:cc,802.11ac
08:cc:68:b5:93:bc,802.11ac
08:cc:68:b5:ab:b3,802.11n
08:cc:68:b5:bb:ec,802.11ac
08:cc:68:b5:c7:dc,802.11ac
08:cc:68:b5:d6:0c,802.11ac
1c:e6:c7:0d:98:fc,802.11n
1c:e6:c7:3e:27:ec,802.11n
24:16:9d:24:05:23,802.11n
a0:0f:37:4c:7f:6c,802.11ac
08:cc:68:b4:7d:ef,802.11ac
08:cc:68:b4:e3:ae,802.11ac
44:ad:d9:60:be:de,802.11n
d0:72:dc:53:63:f1,802.11n
62:1f:18:71:b7:2d,802.11n
08:cc:68:b4:7d:eb,802.11ac
08:cc:68:b4:80:4b,802.11ac
08:cc:68:b4:81:1b,802.11ac
08:cc:68:b4:a2:3d,802.11ac
08:cc:68:b5:ed:ad,802.11ac
d0:72:dc:53:63:f2,802.11n
28:74:f5:77:81:3e,802.11ax
5e:a1:09:e0:cf:ea,802.11ax
08:cc:68:b4:80:4e,802.11ac
08:cc:68:b4:a2:3f,802.11ac
08:cc:68:b4:e3:af,802.11ac
08:cc:68:b4:81:1c,802.11ac
a2:fe:a8:e9:79:c1,802.11ac
50:17:ff:3a:3b:56,802.11ac
50:17:ff:3a:3b:5e,802.11n
50:17:ff:3a:3b:55,802.11ac
84:78:ac:c0:35:2d,802.11n
08:cc:68:b4:91:be,802.11ac
a8:9d:21:85:17:2e,802.11ac
6a:c8:37:12:7e:13,802.11n
a8:9d:21:85:17:2d,802.11ac
08:cc:68:b4:6a:40,802.11n
08:cc:68:b4:80:df,802.11ac
08:cc:68:b4:91:b0,802.11n
08:cc:68:b4:9d:70,802.11n
a8:9d:21:85:17:2f,802.11ac
1c:e6:c7:3e:61:dc,802.11n
58:ac:78:b0:08:8c,802.11ac
dc:a5:f4:9c:62:dc,802.11n
3c:84:6a:bc:bc:44,802.11ac
00:25:42:f2:99:1e,802.11n
1c:e6:c7:0d:9d:7e,802.11n
72:cf:49:92:93:9d,802.11ax
08:cc:68:b4:87:a0,802.11n
08:cc:68:b4:c7:90,802.11n
08:cc:68:b5:8c:bf,802.11ac
08:cc:68:b5:9f:7f,802.11ac
1c:e6:c7:5b:83:3f,802.11n
02:c7:30:49:c8:c3,802.11ac
08:cc:68:b4:69:7d,802.11ac
08:cc:68:b5:75:c4,802.11n
08:cc:68:b5:8c:bb,802.11ac
08:cc:68:b5:a4:84,802.11n
1c:e6:c7:5b:83:33,802.11ac
1c:e6:c7:5b:83:3b,802.11n
1c:e6:c7:5b:91:c4,802.11n
1c:e6:c7:e1:d4:92,802.11n
08:cc:68:b4:69:7e,802.11ac
08:cc:68:b4:81:1e,802.11ac
08:cc:68:b4:87:a1,802.11n
08:cc:68:b4:a3:d1,802.11n
08:cc:68:b5:75:ce,802.11ac
08:cc:68:b5:8c:be,802.11ac
1c:e6:c7:5b:83:36,802.11ac
1c:e6:c7:5b:83:3e,802.11n
08:cc:68:b4:87:a3,802.11n
08:cc:68:b4:a3:d3,802.11n
08:cc:68:b4:c7:93,802.11n
08:cc:68:b5:75:cc,802.11ac
08:cc:68:b5:9f:73,802.11n
1c:d1:e0:56:cc:e2,802.11n
1c:e6:c7:5b:83:34,802.11ac
1c:e6:c7:5b:83:3c,802.11n
58:ac:78:a3:9c:13,802.11n
00:ea:bd:e3:b7:f0,802.11n
bc:26:c7:c7:6e:0f,802.11ac
00:ea:bd:e3:c1:32,802.11n
1c:e6:c7:0d:5c:a4,802.11n
bc:26:c7:c7:6e:0d,802.11ac
0a:9f:c7:9b:a7:31,802.11n
72:42:6e:32:cd:48,802.11ac
54:78:1a:bf:65:71,802.11n
bc:26:c7:c7:6e:0e,802.11ac
d4:c9:3c:c1:aa:21,802.11n
08:cc:68:b4:66:cc,802.11ac
08:cc:68:b5:ed:3c,802.11ac
54:78:1a:bf:6a:b3,802.11n
d0:72:dc:3a:fe:c3,802.11n
d6:45:35:84:02:67,802.11ax
00:ea:bd:e3:bc:2f,802.11ac
08:cc:68:b4:8a:8e,802.11ac
08:cc:68:b5:35:c0,802.11n
08:cc:68:b5:35:c4,802.11n
08:cc:68:b5:c1:64,802.11n
08:cc:68:b5:35:c1,802.11n
08:cc:68:b5:cc:c1,802.11n
54:78:1a:bf:63:d1,802.11n
4c:e1:76:f3:53:64,802.11n
08:cc:68:b5:8d:f5,802.11n
4c:e1:76:f3:53:63,802.11n
58:ac:78:45:30:5c,802.11ac
84:78:ac:c0:1f:53,802.11n
aa:8a:ec:aa:1e:66,802.11ax
08:cc:68:b4:9c:bf,802.11ac
08:cc:68:b5:8d:bf,802.11ac
08:cc:68:b5:96:6e,802.11ac
84:78:ac:98:11:bb,802.11n
00:2a:10:ff:f0:45,802.11n
08:cc:68:b5:96:65,802.11n
08:cc:68:b5:9c:aa,802.11ac
08:cc:68:b4:6a:1c,802.11ac
1c:e6:c7:e0:26:13,802.11n
84:78:ac:98:4c:ec,802.11n
1c:e6:c7:0d:fe:d3,802.11ac
1c:e6:c7:0d:fe:d4,802.11ac
08:cc:68:b4:a6:70,802.11n
1c:e6:c7:5b:15:37,802.11ac
08:cc:68:b4:a6:74,802.11n
58:97:1e:56:57:2b,802.11n
a0:0f:37:4c:93:24,802.11n
66:6c:ea:af:70:ef,802.11ac
a0:0f:37:4c:93:21,802.11n
08:cc:68:b4:a6:73,802.11n
08:cc:68:b4:c1:a3,802.11n
58:97:1e:56:43:30,802.11n
18:e7:28:03:10:a0,802.11n
18:e7:28:03:10:af,802.11n
5c:e1:76:0a:21:2f,802.11ac
08:cc:68:b4:bb:cb,802.11ac
08:cc:68:b5:96:3b,802.11ac
18:e7:28:03:10:a3,802.11n
5c:e1:76:0a:21:2c,802.11ac
f0:9e:63:14:b0:cc,802.11n
18:e7:28:03:10:a2,802.11n
5c:e1:76:0a:21:2d,802.11ac
f0:9e:63:14:ad:22,802.11n
de:03:98:fd:93:07,802.11n
08:cc:68:b5:9c:3f,802.11ac
d8:38:fc:df:13:6c,802.11ac
c2:cf:ba:97:7e:02,802.11ac
f0:9e:63:14:8a:43,802.11n
d8:38:fc:5f:13:6c,802.11ac
f0:9e:63:14:8a:42,802.11n
26:e8:53:38:22:75,802.11n
74:83:c2:b1:8c:93,802.11n
7e:45:58:1d:f9:9f,802.11n
7e:45:58:21:14:98,802.11n
82:45:58:1e:ea:02,802.11ac
82:8a:f7:16:b6:8a,802.11n
82:45:58:1d:f9:9f,802.11n
82:45:58:21:09:88,802.11n
78:45:58:1d:f9:9f,802.11n
de:03:98:c7:8c:47,802.11n
d4:20:b0:2e:ac:95,802.11ax
7e:45:58:21:04:01,802.11n
fa:92:bf:cd:6f:00,802.11n
fa:9e:38:70:b4:5f,802.11ac
f2:9e:28:70:b8:95,802.11ac
f2:9e:38:70:b4:5f,802.11ac
fe:9e:38:70:b4:5f,802.11ac
f6:9e:38:70:b4:5f,802.11ac
14:59:c0:66:59:bd,802.11n
ea:9e:38:70:b4:5f,802.11ac
de:03:98:6d:03:f5,802.11n
de:03:98:c7:07:51,802.11n
de:03:98:c7:8e:ee,802.11n
de:03:98:c7:98:f4,802.11n
de:03:98:c6:f6:9a,802.11n
86:69:93:d4:69:76,802.11n
9e:ba:94:20:70:f8,802.11ac
a8:9d:21:6f:d1:4d,802.11ac
1c:e6:c7:0d:6c:d7,802.11ac
00:35:1a:3e:25:6c,802.11ac
08:cc:68:b4:5a:13,802.11n
8a:b9:21:4c:35:8b,802.11ax
08:cc:68:b5:8c:8b,802.11ac
3a:c3:e1:ea:a4:2c,802.11ac
92:e6:5f:1f:f7:d6,802.11ac
08:cc:68:b5:9c:3b,802.11ac
58:97:1e:56:4d:24,802.11n
a0:0f:37:4c:9f:80,802.11n
a8:9d:21:6f:d1:4f,802.11ac
84:78:ac:c0:35:21,802.11n
70:df:2f:ea:82:a3,802.11n
04:62:73:86:8d:d1,802.11n
58:ac:78:b0:08:8e,802.11ac
58:ac:78:a3:ab:02,802.11n
64:fd:96:a3:77:03,802.11ac
b0:95:75:ea:db:54,802.11n
08:cc:68:b4:53:90,802.11n
08:cc:68:b4:69:33,802.11n
58:ac:78:a3:ab:03,802.11n
3c:84:6a:bc:bc:42,802.11n
04:62:73:a9:ec:53,802.11n
d8:38:fc:df:13:2c,802.11ac
08:cc:68:b4:69:e1,802.11n
08:cc:68:cc:26:be,802.11ac
04:62:73:a9:ec:52,802.11n
00:e0:4c:81:8e:92,802.11n
34:e8:94:0e:bd:fd,802.11n
d8:38:fc:5f:13:2c,802.11ac
d8:38:fc:1f:13:2c,802.11ac
c8:08:73:15:d1:08,802.11n
c8:08:73:15:d8:58,802.11n
d4:8a:3b:86:67:88,802.11n
04:62:73:a9:ec:50,802.11n
08:cc:68:cc:26:bf,802.11ac
78:45:58:1a:69:cd,802.11n
08:cc:68:b5:ee:4f,802.11ac
1c:e6:c7:5b:83:37,802.11ac
4c:e1:76:f3:70:40,802.11n
d4:c9:3c:c1:a5:c0,802.11n
08:cc:68:b5:ee:4b,802.11ac
08:cc:68:cc:25:2b,802.11ac
1c:e6:c7:3e:d4:fd,802.11n
54:78:1a:bf:63:dd,802.11n
22:60:0f:aa:53:ad,802.11ax
2a:4b:09:64:7b:e0,802.11ax
08:cc:68:b4:6d:51,802.11n
54:78:1a:bf:62:4e,802.11n
d4:c9:3c:c1:a5:c1,802.11n
1c:e6:c7:3e:d4:fc,802.11n
d4:c9:3c:c1:a5:c3,802.11n
5c:ea:1d:27:d7:2b,802.11ac
08:cc:68:b4:89:0e,802.11ac
1c:e6:c7:f0:20:25,802.11ac
7a:72:51:29:d0:95,802.11ax
5a:c6:03:dd:7f:8c,802.11ax
1c:e6:c7:f0:20:21,802.11n
82:e8:2c:a7:ce:af,802.11n
00:b7:71:16:ea:c2,802.11n
f0:51:36:4f:2e:40,802.11n
5e:aa:fd:22:12:50,802.11g
60:32:b1:fd:81:ba,802.11n
08:cc:68:b4:84:2d,802.11ac
08:cc:68:b4:e4:8c,802.11ac
00:ea:bd:65:f5:30,802.11n
08:cc:68:b4:82:7e,802.11ac
54:78:1a:bf:68:66,802.11ac
08:cc:68:b5:30:91,802.11n
1c:e6:c7:5b:21:71,802.11n
54:78:1a:bf:68:67,802.11ac
08:cc:68:b5:ed:33,802.11n
54:78:1a:bf:68:64,802.11ac
a8:9d:21:71:b2:53,802.11n
bc:26:c7:c7:6d:83,802.11n
00:25:42:e4:99:ae,802.11n
08:cc:68:b4:7d:1e,802.11ac
08:cc:68:b4:8c:f1,802.11n
08:cc:68:b4:b9:41,802.11n
08:cc:68:b5:8d:b0,802.11n
08:cc:68:b5:db:90,802.11n
08:cc:68:b5:92:21,802.11n
08:cc:68:b5:db:93,802.11n
1c:bf:ce:b4:bc:55,802.11n
62:e3:7b:fb:1c:a6,802.11ax
e6:11:19:ac:ef:27,802.11ax
00:24:b2:8c:7e:a8,802.11g
08:cc:68:b4:5a:f0,802.11n
08:cc:68:b4:72:eb,802.11ac
2a:a6:0e:4a:bb:86,802.11ax
86:fa:90:d4:9e:14,802.11ac
58:ac:78:9b:0d:11,802.11n
08:cc:68:b4:6a:14,802.11n
2e:20:5f:54:37:01,802.11n
08:cc:68:b4:b3:81,802.11n
20:3a:07:e4:c0:41,802.11n
58:ac:78:a3:a1:90,802.11n
58:ac:78:89:d4:b3,802.11n
2a:27:57:0d:f3:8a,802.11ax
00:04:56:ad:dd:61,802.11n
00:04:56:ad:af:70,802.11ac
00:04:56:ad:dd:60,802.11n
62:51:26:fd:8f:c2,802.11ac
c2:82:35:be:bb:c2,802.11ac
08:cc:68:b4:bf:20,802.11n
7c:0e:ce:de:4f:c0,802.11n
f0:9e:63:14:7b:2f,802.11n
f0:9e:63:1d:fd:20,802.11n
e8:6e:44:1f:ef:fd,802.11ax
1c:e6:c7:5b:2b:c4,802.11n
7c:0e:ce:de:4f:c3,802.11n
08:cc:68:b4:bf:21,802.11n
5c:e1:76:0a:4f:ce,802.11ac
f0:9e:63:14:a0:ee,802.11n
58:97:1e:56:57:24,802.11ac
02:08:22:52:07:fc,802.11n
9a:a6:7e:50:ca:74,802.11ax
a2:b5:3c:c5:8d:7f,802.11ax
82:7c:b7:e2:1f:4e,802.11ax
 0x4368726f6d6563617374303630342e762c},802.(null)
08:cc:68:b5:f6:9b,802.11ac
f0:9e:63:1d:f7:ee,802.11n
08:cc:68:b4:92:23,802.11n
08:cc:68:b5:48:0c,802.11ac
f0:9e:63:1d:f1:42,802.11n
f0:9e:63:1d:ff:03,802.11n
84:18:3a:98:4e:7c,802.11n
08:cc:68:b5:f6:9e,802.11ac
f0:9e:63:1d:ff:02,802.11n
a8:63:7d:af:ef:e8,802.11ax
34:47:d4:48:b3:4e,802.11n
b4:b0:24:6f:56:c0,802.11ac
f8:9e:28:70:b8:95,802.11ac
86:45:58:22:18:b7,802.11ac
26:5a:4c:95:7d:0e,802.11ac
64:fd:96:c2:a7:0f,802.11ac
08:cc:68:b4:8d:70,802.11n
08:cc:68:b5:8c:8f,802.11ac
d0:db:b7:a9:48:86,802.11ax
26:3e:6a:47:ab:90,802.11n
08:cc:68:b5:de:cd,802.11ac
5e:d6:93:08:c4:51,802.11ax
08:cc:68:b4:8d:73,802.11n
84:78:ac:98:4d:37,802.11ac
84:78:ac:c0:61:3f,802.11n
84:78:ac:c0:52:ac,802.11n
00:25:42:84:cf:d7,802.11n
08:cc:68:cc:3b:81,802.11n
1c:e6:c7:0d:57:10,802.11n
58:ac:78:af:f2:e1,802.11n
08:cc:68:cc:26:b2,802.11n
f8:ab:05:ce:9f:f3,802.11n
08:cc:68:cc:3b:80,802.11n
08:cc:68:b4:90:b3,802.11n
08:cc:68:b4:91:b3,802.11n
c8:08:73:15:d5:6c,802.11ac
00:25:42:e9:44:c8,802.11ac
7a:b6:c7:93:b7:ff,802.11ac
4a:29:e3:4e:0e:5e,802.11n
08:cc:68:b4:77:c0,802.11n
1c:e6:c7:3e:d4:ff,802.11n
1c:e6:c7:3e:d4:f5,802.11ac
26:e6:2d:53:73:f7,802.11ax
08:cc:68:b4:a1:1e,802.11ac
08:cc:68:b5:ee:4e,802.11ac
08:cc:68:b5:f3:9e,802.11ac
08:cc:68:cc:3d:ce,802.11ac
1c:e6:c7:f0:16:41,802.11n
58:ac:78:b0:31:30,802.11n
b8:11:4b:83:32:21,802.11n
08:cc:68:b5:a4:8c,802.11ac
1c:e6:c7:3e:d4:f4,802.11ac
22:2a:ab:e7:ed:6c,802.11ac
08:cc:68:b4:93:31,802.11n
e2:b0:aa:dd:92:cb,802.11ax
c8:ea:f8:be:65:3d,802.11ax
08:cc:68:b4:96:35,802.11n
08:cc:68:b5:98:8e,802.11ac
1c:e6:c7:5b:93:0f,802.11n
54:78:1a:bf:66:27,802.11ac
54:78:1a:bf:66:2f,802.11n
54:78:1a:bf:6a:bf,802.11n
54:78:1a:bf:7e:27,802.11ac
54:78:1a:bf:7e:2f,802.11n
54:78:1a:bf:66:25,802.11ac
54:78:1a:bf:7e:25,802.11ac
82:5d:6d:79:f6:5a,802.11ac
8a:34:1a:dd:9e:75,802.11n
66:22:32:1a:96:3f,802.11ax
1c:e6:c7:5b:93:0e,802.11n
1c:e6:c7:f0:20:2e,802.11n
54:78:1a:bf:66:26,802.11ac
54:78:1a:bf:7e:26,802.11ac
54:78:1a:bf:7e:2e,802.11n
d4:c9:3c:c1:aa:2e,802.11ac
08:cc:68:b4:84:2e,802.11ac
54:78:1a:bf:66:24,802.11ac
54:78:1a:bf:66:2c,802.11n
54:78:1a:bf:6a:bc,802.11n
54:78:1a:bf:7e:23,802.11n
54:78:1a:bf:7e:24,802.11ac
08:cc:68:b4:5b:2f,802.11ac
1c:e6:c7:3e:5a:87,802.11ac
08:cc:68:b4:bb:2b,802.11ac
1c:e6:c7:3e:5a:85,802.11ac
1c:e6:c7:3e:5a:86,802.11ac
1c:e6:c7:3e:5a:84,802.11ac
08:cc:68:b4:9c:3e,802.11ac
08:cc:68:b4:9f:3e,802.11ac
08:cc:68:b5:8d:fe,802.11ac
08:cc:68:b5:e1:be,802.11ac
26:81:bc:1d:f5:34,802.11n
1a:5f:7a:4d:77:a2,802.11ax
08:cc:68:b4:9f:3a,802.11ac
58:ac:78:5e:6b:10,802.11n
00:25:42:f3:b2:48,802.11n
00:2a:10:ff:56:01,802.11n
08:cc:68:b4:76:2f,802.11ac
08:cc:68:b4:88:71,802.11n
08:cc:68:b5:96:61,802.11n
08:cc:68:b5:e8:be,802.11ac
04:42:1a:47:69:68,802.11ax
08:cc:68:b4:c0:71,802.11n
58:ac:78:89:d4:bf,802.11ac
08:cc:68:b4:68:e3,802.11n
1c:e6:c7:e0:20:01,802.11n
f0:9e:63:14:a0:ec,802.11n
f0:9e:63:1d:fd:23,802.11n
7c:0e:ce:de:4f:c1,802.11n
08:cc:68:b4:bd:dc,802.11ac
f0:9e:63:14:a0:ed,802.11n
f0:9e:63:14:89:e0,802.11n
f0:9e:63:14:89:e2,802.11n
9c:a5:25:ee:0b:98,802.11n
5c:e1:76:0a:21:23,802.11n
f8:55:cd:c0:a7:c9,802.11n
18:e7:28:03:10:a1,802.11n
de:03:98:6d:04:39,802.11n
9a:a6:7e:57:2f:d7,802.11ax
f0:9e:63:1d:f7:e3,802.11n
f0:9e:63:1d:f9:0f,802.11n
de:03:98:c7:a2:83,802.11n
26:5a:4c:a5:7b:f6,802.11ac
88:0f:a2:66:af:4e,802.11ax
fa:9e:38:70:b9:ec,802.11ac
f2:9e:38:70:b9:ec,802.11ac
fe:9e:28:70:b8:95,802.11ac
fe:9e:38:70:b9:ec,802.11ac
f6:9e:38:70:b9:ec,802.11ac
08:cc:68:b4:ac:f1,802.11n
ea:9e:38:70:b9:ec,802.11ac
8e:e9:5a:1a:d8:b8,802.11n
fa:b9:5a:cb:b0:9e,802.11n
d8:38:fc:4f:36:08,802.11n
d8:38:fc:5f:13:08,802.11n
c4:04:15:2c:8d:46,802.11ac
d8:38:fc:0f:36:08,802.11n
84:78:ac:c0:52:ae,802.11n
dc:f7:56:b7:2c:ce,802.11n
1c:e6:c7:5b:3e:b4,802.11n
d8:38:fc:1f:10:b8,802.11n
b0:95:75:dd:54:3d,802.11n
08:cc:68:b5:de:c2,802.11n
84:78:ac:98:4d:36,802.11ac
d4:c9:3c:c1:9e:d1,802.11n
84:78:ac:98:4d:35,802.11ac
d4:c9:3c:c1:9e:d2,802.11n
36:ab:e8:59:1e:ed,802.11n
84:78:ac:98:4d:3f,802.11n
58:97:1e:b2:34:64,802.11ac
84:78:ac:98:4d:34,802.11ac
08:cc:68:b4:9d:71,802.11n
08:cc:68:b4:82:92,802.11n
62:66:88:02:87:73,802.11n
58:ac:78:b0:08:83,802.11n
90:2b:d2:86:88:06,802.11ac
04:32:f4:7f:3f:8f,802.11n
34:60:f9:04:08:d8,802.11ax
08:cc:68:b5:f7:7f,802.11ac
58:ac:78:b0:31:31,802.11n
4c:e1:76:f3:70:4c,802.11ac
cc:40:d0:a2:2e:5f,802.11n
08:cc:68:b4:87:50,802.11n
08:cc:68:b5:d7:b0,802.11n
1c:e6:c7:0d:6f:50,802.11n
1c:e6:c7:f0:20:27,802.11ac
08:cc:68:b4:87:52,802.11n
08:cc:68:b5:d7:b2,802.11n
1c:e6:c7:0d:6f:52,802.11n
1c:e6:c7:5b:93:02,802.11n
54:78:1a:bf:6a:b4,802.11n
d0:72:dc:3a:fe:c4,802.11n
08:cc:68:b4:87:51,802.11n
08:cc:68:b4:93:35,802.11n
08:cc:68:b4:98:05,802.11n
1c:e6:c7:0d:6f:51,802.11n
54:78:1a:bf:6a:b1,802.11n
00:ea:bd:e3:c1:33,802.11n
1c:e6:c7:0d:6f:53,802.11n
bc:26:c7:c7:6e:03,802.11n
9c:a6:15:f1:0e:10,802.11n
00:ea:bd:db:d3:c0,802.11n
08:cc:68:b4:66:c0,802.11n
08:cc:68:b4:a1:71,802.11n
a0:0f:37:4c:ce:a0,802.11n
08:cc:68:b4:66:c2,802.11n
08:cc:68:b4:84:2c,802.11ac
64:66:24:1c:18:03,802.11n
00:b7:71:16:ea:ce,802.11ac
08:cc:68:b5:87:be,802.11ac
08:cc:68:b5:f7:31,802.11n
00:b7:71:16:ea:cc,802.11ac
08:cc:68:b4:66:c3,802.11n
08:cc:68:b4:8a:8a,802.11ac
08:cc:68:b5:ed:31,802.11n
0a:6a:c5:08:2a:eb,802.11ax
f2:0a:f6:af:3f:e7,802.11ax
00:ee:ab:38:99:20,802.11n
08:cc:68:b4:bb:20,802.11n
1c:e6:c7:f0:1a:00,802.11n
08:cc:68:b5:92:24,802.11n
08:cc:68:b4:97:85,802.11n
1c:e6:c7:f0:1a:01,802.11n
08:cc:68:b5:92:23,802.11n
1c:e6:c7:e0:26:40,802.11n
00:ee:ab:38:99:24,802.11n
26:13:fa:46:89:b5,802.11ax
08:cc:68:b4:64:05,802.11n
1c:e6:c7:f0:1a:03,802.11n
f0:9f:c2:f7:d0:5a,802.11n
00:13:10:2a:a1:73,802.11g
00:2a:10:ff:56:0e,802.11ac
08:cc:68:b5:f5:7e,802.11ac
08:cc:68:b5:82:25,802.11n
de:03:98:9f:d6:76,802.11n
08:cc:68:b5:d4:10,802.11n
1c:e6:c7:0d:fe:d0,802.11n
1c:e6:c7:0d:fe:d7,802.11ac
58:ac:78:82:c9:6e,802.11ac
08:cc:68:b4:77:04,802.11n
08:cc:68:b4:c7:14,802.11n
1c:e6:c7:e0:26:74,802.11n
1c:e6:c7:f0:1f:c4,802.11n
08:cc:68:b4:77:01,802.11n
08:cc:68:b5:d4:11,802.11n
08:cc:68:b5:dd:f1,802.11n
58:ac:78:65:99:7f,802.11ac
58:ac:78:82:c9:6f,802.11ac
04:62:73:74:6c:1c,802.11ac
08:cc:68:b4:db:23,802.11n
58:ac:78:65:99:73,802.11n
58:ac:78:82:c9:6c,802.11ac
08:cc:68:b4:c4:84,802.11n
bc:30:d9:f6:39:7d,802.11n
58:ac:78:5e:73:cc,802.11ac
58:97:1e:56:4c:74,802.11n
58:97:1e:56:4c:71,802.11n
08:cc:68:b5:96:0f,802.11ac
f0:9e:63:1d:f7:ef,802.11n
f0:9e:63:1d:f7:ec,802.11n
f0:9e:63:1d:f7:ed,802.11n
de:03:98:c7:15:7a,802.11n
1c:bf:ce:74:8d:c8,802.11n
82:45:58:21:0a:b3,802.11n
78:45:58:21:15:da,802.11n
fa:b9:5a:cb:ae:f7,802.11n
26:5a:4c:95:7c:01,802.11n
7e:45:58:1d:e8:d2,802.11n
12:b6:f5:b6:24:da,802.11ac
82:45:58:21:08:93,802.11n
24:5a:4c:95:7c:01,802.11n
78:45:58:21:04:01,802.11n
2c:c5:d3:40:76:dc,802.11ac
d8:38:fc:df:18:9c,802.11ac
de:03:98:c7:8f:2a,802.11n
2c:c5:d3:00:76:dc,802.11ac
d8:38:fc:5f:18:9c,802.11ac
d8:38:fc:1f:18:9c,802.11ac
84:78:ac:98:4d:3c,802.11n
08:cc:68:b5:48:0f,802.11ac
1c:61:b4:c2:ff:f0,802.11ax
1c:e6:c7:0d:6a:1b,802.11n
58:ac:78:b0:38:bb,802.11ac
08:cc:68:b5:da:d1,802.11n
58:97:1e:57:d9:ec,802.11n
08:cc:68:b4:81:1f,802.11ac
84:78:ac:c0:52:a6,802.11ac
84:78:ac:c0:52:a5,802.11ac
84:78:ac:98:49:06,802.11ac
08:cc:68:b4:a1:5c,802.11ac
08:cc:68:b4:b3:3c,802.11ac
08:cc:68:b5:f6:93,802.11n
00:ad:24:19:7f:26,802.11n
1c:e6:c7:5b:24:41,802.11n
1c:e6:c7:5b:75:41,802.11n
08:cc:68:b4:91:bd,802.11ac
1c:e6:c7:5b:24:42,802.11n
50:17:ff:3a:3b:5d,802.11n
84:78:ac:c0:35:22,802.11n
dc:a5:f4:9c:62:d2,802.11n
50:17:ff:3a:3b:57,802.11ac
50:17:ff:3a:3b:5f,802.11n
08:cc:68:b4:53:5c,802.11ac
1c:e6:c7:5b:75:43,802.11n
50:17:ff:3a:3b:5c,802.11n
f8:4f:57:e3:c1:dc,802.11n
d0:db:b7:9e:1d:49,802.11ax
08:cc:68:b4:53:91,802.11n
c8:08:73:55:1f:3c,802.11ac
00:25:42:c1:fb:36,802.11ac
62:07:db:ab:ca:4e,802.11ac
f0:82:61:c2:49:e7,802.11n
08:cc:68:b5:cb:40,802.11n
54:78:1a:bf:62:4f,802.11n
58:ac:78:a3:9c:11,802.11n
08:cc:68:b5:f7:7b,802.11ac
08:cc:68:b4:77:ce,802.11ac
1c:e6:c7:0d:5c:a1,802.11n
